{"version":2,"hash":{"type":"Buffer","data":"9+hQQU604395rB7rpabgecs431557/ZqnO0OSFjl6MjoRLZMnOdlUXCmTQjIzsowvN/GU7u8N2aediWIY/lTIzKllboqmTgyrrKSC3/DaeoO28xlF8RPVYfGc2alSeQtu8X5Jjo7j4iozfONgu5DGuWd5DkMvQ872zfsYtye+2A="},"indexValueMap":{"Hz15DltcsFy1jDMORJtHso4DVCcyWi3RfNcQhBe/0ZM=":{"valueMac":{"type":"Buffer","data":"5V9MqLIBIkoFDZSOkzpc6Xu9f/BqogVychxqjcE6FZI="}},"NcDKtv+av7wJp+03gp9CCiSD9sWRHntCoRewMLI0xdA=":{"valueMac":{"type":"Buffer","data":"c+4UPM5kCuGCKCWyoJJQ9jIy+VeW6B3JGkwY0P/0Hzw="}},"PN+NOaDJryQs+Z+4qx3WzdDelB/TXMq7Y1lOeuCIV/U=":{"valueMac":{"type":"Buffer","data":"3oZzQqoA4uzqKKvUr6S9x9woASAnrIhsQDIdgDoEGhs="}},"ZnpIr/Q9emG+AtCvdHYOP/kggaKveYoviMoKy741PtI=":{"valueMac":{"type":"Buffer","data":"3pqBi2QEVtDcWHbxXQJJzqYOJEZIwb0oE+gH78LjtWQ="}},"b04u45W1Yu8X35q6VXwILhJT3e/hN93jpV1yZvB8zyM=":{"valueMac":{"type":"Buffer","data":"E9L7elPfJsg4NoFaPGbSkX0T2Ll6b/SPsD2UsRFU1PE="}},"gOTbCZoQNpTlV2h3vvtxNc4GIVVMkJkj70zKvS+GjWM=":{"valueMac":{"type":"Buffer","data":"+4PpzbJwdMwU0RYAbCZFAJ35bokDWZ0e8wRQothotSU="}},"gd5wPO/C+Ve2Qr/zwv3AGjvRaOXWfM1gMFagn+kHB3k=":{"valueMac":{"type":"Buffer","data":"tVk1/HkYp+e9VXIrCUF9yeVKhIA0UcnozZwwwqDMoPw="}},"g1dKdnPpkpVnHje4dBVPSyYkg16lSwUM/2As3UaPhgI=":{"valueMac":{"type":"Buffer","data":"0AC98FQi9pQD+/Jy9/LtupHfRLtNkUm0WGl5mKicYvA="}},"mBKRu6hUYDPO3SY29u9G2b2qkA0kE8VOvgIwkoud6Nk=":{"valueMac":{"type":"Buffer","data":"JNJhU2qRSDpXPc0K5bcYw+WaSHKAWnD4iR82BJx6UVE="}},"nhysQiamRTBgFPUO/M04ouMVjZTWLHmZ057VkbeVVuE=":{"valueMac":{"type":"Buffer","data":"B0zBhhGVKAt43WDuKOWJA11MmhPyxE/G8WyTLOqY9nc="}},"pS1hxsslb3Nlop+atMcTeEhpq7OYPFpAVPlwjfF3/SE=":{"valueMac":{"type":"Buffer","data":"imRa1vXQXCWzNMLehiVre05sFSONh649sWNaZPBnbwk="}},"2CrIkka4S3Yj7jSKz3luhx0bGHH1CQOU+ectadJ14r8=":{"valueMac":{"type":"Buffer","data":"jCR4+dn2OqTYkoM1sGoL0BxG9hBXpjNVvfHZOngn0rs="}},"4wacu4AlrlrEMmI/Tz1InvTEvpHSItkHHE2qcusBgnY=":{"valueMac":{"type":"Buffer","data":"4EmYs7zWHzjjhoKli+lHjFRvfdapOYuoGYqZfVSbMCM="}},"/rfpsKwuaIJbrxNqLkVUSH/wHf939E4ST6eXjCL4xHw=":{"valueMac":{"type":"Buffer","data":"iewggfKVN77Rah6iRu6TFZDsDTtnPnqP/t3L/6bS1bY="}},"OZcXXPccCqeW9cEHR4DEWFAKT+UVBxBQzbYTH4HfhAM=":{"valueMac":{"type":"Buffer","data":"0qcKr0unVXtPLMV8T8NFsm+y+E7bonBtTTd3cqa1fls="}}}}