{"version":2,"hash":{"type":"Buffer","data":"mXWBoojok1pcTm8RjiTtNtiY08ldWPj4Ri/H67G92VvaM3rcHdcgxeBPRuWcXGBBt81sksjJskEoHT7eRKHZn8MJSr3NVRJfMPGCL9pKre+oISotlUYtYbh8ubgTn7rbSBW9wMnHCHFur2isxXUcLyO9Do9vXZJlBzjneF5xEpM="},"indexValueMap":{"EUzSvkW2xtEeUa/xF35uH5YEX2x0fJp66ftbqlDAu3g=":{"valueMac":{"type":"Buffer","data":"bF4BUtFYiEKiuk5t+VOq5LqIVOnM4svbIWF3mcKf2Ho="}},"lRhOtHF3qNZkyhHEOsNA8NEVdHbubjyx2MQQXmEPC5Y=":{"valueMac":{"type":"Buffer","data":"C/xkfoMfqaQLh6uY/FQMAghHBRi7GjzKFdwn3eYoKyg="}},"DaTW5XnhJOdJ1OeRA4kS93IXEikmjfWYCuyZ/yEaxqc=":{"valueMac":{"type":"Buffer","data":"p+2Tm8d4//+KrRzXQieCPpcuZTZSg0FmJ4cFAbzbWoE="}},"JYJWIB0G3RkMj+3xRaVWQ0RZ/qlye8hj18OWnASlsWM=":{"valueMac":{"type":"Buffer","data":"eMQtl6AHG/SUCsyrcAJZb/mBbqqfyUCKiQn3sIWs1vU="}},"v0ZQYsFK1sLoyxKhK4hnT+6YNoIqbrAaYFLJ+NZU+oA=":{"valueMac":{"type":"Buffer","data":"M7kpdQhNv9PJYw3izkRts7a7vqrZ+bnSac3FNUk2GmE="}},"puwFn46gLGjBK/2gztXFIbAAC2+pJRRsAJlcvbYcAgI=":{"valueMac":{"type":"Buffer","data":"eF9tRJb7/z3k5Q814yFEitve3Ww6xStCoBi7YJAI6R8="}},"QOOXGaJJal8byvK4xmNyPLVPKTUhKdTFo9wauaFDjvg=":{"valueMac":{"type":"Buffer","data":"3NjxhtQozPyoyg/PC+tNJtYW9uRaNh1hCE5HritlL4c="}},"Tn6KsSpltBu3dfJ/4CxP06qx48AoeCN45B03eocm0CM=":{"valueMac":{"type":"Buffer","data":"GMT0QTCvPJkPawudtxfJA+VBZS3sDDSZMDuDu4avR6s="}},"jXXdye8WMCtimXnv6DBj4e3MgVbOzxhi57cBbmqY0dQ=":{"valueMac":{"type":"Buffer","data":"tpxVWk9weSw9nVwFRx7k0ThgB+8fSC1YWLIBFujXT+Q="}},"SmJvfYG1606ItQWqwNiAzjiYpGSGJIp0sXUMSPoub6E=":{"valueMac":{"type":"Buffer","data":"XnOyPSrdt7O+iGmsWWWimvTWEVLf8ma9bY0o3QZsEVk="}},"8csah2mfGQvuX0/zQrxZRW5okLifvYQajrYTSINQLBY=":{"valueMac":{"type":"Buffer","data":"aeNjce8UxddnPkeSKnqCpVEqMj18QnywqdSN2aaquOA="}},"LLiny831bWgttLbl1bl8wIPyWTnlRfO9UjtDtRFWucM=":{"valueMac":{"type":"Buffer","data":"ZMdEvJxbmCh8zGJqFj5p4AVu6LbkEn83qnBJqSCTUlY="}},"/My0S6tVRPzzO0MDUkWhXkIHoNGPS5I9Qt/r/FjNYHQ=":{"valueMac":{"type":"Buffer","data":"4rFsObEt5JjOng/TpP7iHYO1YoxK9mrY6gUZ713HVsQ="}},"I2ojaDOBSe5HOcdU+nF0RJw4xSe6qXRSmFgrL/TIlNc=":{"valueMac":{"type":"Buffer","data":"Dxze26K2F3E/6SoIocAOC4R4oNekEhqhqyyEpFd/Bnk="}},"WUiRmO4KB//7x3esQHhkIIPS+H5bEhDyhjJ8d1U2l0A=":{"valueMac":{"type":"Buffer","data":"Hm905un9tth0ltnCuo/5BhJCycEJ9q+bw2YvduCWAlk="}},"2rwyoP7C3IMkzLtW2jbgoiOe1hH1yCSR7WNh5Nj39IA=":{"valueMac":{"type":"Buffer","data":"2Hqh9bVgYuO7OE0Xdqbl7URoW2jRZV0dy6lzJzBPPf4="}},"E/8xuW4Vea1irvgfmYJvrGse2Vcd7ffCStBFXfIYUxA=":{"valueMac":{"type":"Buffer","data":"eewUfU0HHSqG2ddxcbcy/ogZIbjbJbxAFuvi6Uf58gQ="}},"OtLVzKKP1VDgIVD5QoYFXX0Rom/AB37kjzUfeo0hHV8=":{"valueMac":{"type":"Buffer","data":"ymsvr0LLdE2y3BKav+ugugJmn+5yKIrhY1HK09QoBgc="}},"RRfrj1HTCrYKqtDwpdg41f8N43htZq+w0JWD+1l9mXI=":{"valueMac":{"type":"Buffer","data":"9ubDsObTzThLpF6hQKeIsrJcVozf1tEjRMDMZ146LtA="}}}}