{"version":3,"hash":{"type":"Buffer","data":"D0LjxOKcNLgp3s947ifZdXKErKoDhDukWKsZxHC0HPTZspwIdNnQsO2YWPTlzBN/5+g9RLDPieRcnRtSnZhy1d3Dl8eJ35vembN8e9T7rFrK9M+FQ2IxFlyf+UCD+B8mComlj9urbYknFZi3gGjczUXcDxPIoB6MoL5WGpfbnFA="},"indexValueMap":{"AB5Y+11H0f3+0FlgyJhfHTet4JwA6ajXIpMU3r0mpH0=":{"valueMac":{"type":"Buffer","data":"YAD0VAwKsonZdBWr8HKbJz6VTxNpRQSa5TEDEOCP5hg="}},"A0M4HOWcZsMI1jGpRwDhk2NAeh/OAmFQjz/4uDe3XFw=":{"valueMac":{"type":"Buffer","data":"clIU/qUWjcAZp/c9YBsha7dXBt39AdOSMZmAK7KmJ/E="}},"A7ndWr9THkESYQwMbU/mNIizs5oWAqcwGzALOF4V6X8=":{"valueMac":{"type":"Buffer","data":"4RnA0f8MPfguoPm8Tv//5M8MIHYXiucd9GxDGBPGYvM="}},"BBs6ekpF28MsCCxEcnNIkpc3EWp1ZU/g1iBWRVlU9jc=":{"valueMac":{"type":"Buffer","data":"uec1WFugGyuJuInrFXAYn1ckEq4AnQUh7VihrSU6rJM="}},"BrOJ0kRilJiND6cd80EZItaa9UMOUXrWlwn93b0lA8U=":{"valueMac":{"type":"Buffer","data":"fFqtvzmMXx8vo+8zizoK1ekVFiEET8LvCUEG10w7Lx0="}},"CWs64uyEMpQJnr4GryJj4zJvJ9MVs9whPS7koaawCjI=":{"valueMac":{"type":"Buffer","data":"tQzUkbP0PjehIkbpdL+IU5fvm83so0OaNEGYTMseDDg="}},"DDj25CX0giDakyQ4CjfQBY7ZPldo5OyI2uuEimdZxrg=":{"valueMac":{"type":"Buffer","data":"e44Zq5vun3nbET4pMjV9QusuIQkj+NtlGapDq+WvgiM="}},"DSTYLnOVXu/PemkHraoxbbxHodPx7fVrE5oYigiAhN0=":{"valueMac":{"type":"Buffer","data":"MSwMdPJsA9dGCwzQTm7r8jWBbPynORlOjYgT1uQY+Zs="}},"DYIpJCBFzxWP7kh/t07CpKZpemPNThXqlgV3dzwjc6M=":{"valueMac":{"type":"Buffer","data":"I55jgPiSU3I4nKVLtFhHqj7shRmPE8WQTbt5fdC81ek="}},"EBc0dIMptluz4YrxDRy+cIzFd1nl4psp8TjfWUVlz1U=":{"valueMac":{"type":"Buffer","data":"TFilDZY0oPyg+b3l+K+0EmWrrWfg0fGLAMqNiMA3XmI="}},"ECS0mMCRrxHdoqUYOibKHkYYHNFi42WQJjMBn2vmjYs=":{"valueMac":{"type":"Buffer","data":"iKj7BaIJuve3a2PChc0oO2/S2iDm6BTnLGpLO+XoRH4="}},"EZt4HiEkXTbBQE+oW9DWS++OGj5I8uLpu7iIySYktNk=":{"valueMac":{"type":"Buffer","data":"Kgh5QHzxbNW2EZjnuAo+YOjoxVzEGevOP3FMdOA15g8="}},"EZyBCCIHt50VS/fgpmdcUGZkg8ubxdPXYAxy1nBPDmY=":{"valueMac":{"type":"Buffer","data":"rDMp1BLNHyO632iUYR0XpYZwl7jZbgtahTwgNZEE4VA="}},"EZ8PCvLP77VpLOiRIY+qEwWwQYlR6RPP0XfBV9ET77Y=":{"valueMac":{"type":"Buffer","data":"j6AzrUjHEBjyDn606GQfxCUP/fNMUtOmGf13J7w9OS4="}},"E0togccYc9NULdh6MAdXXHtjeysYn+5ShD/KGIzcQHU=":{"valueMac":{"type":"Buffer","data":"JK5R91WV4pwAAsHgTPd7a4DWb++nKygLiuZR4K4vTeo="}},"E3EybTFyOpDHAvL1GTyMehx6QDQ6WLJqZeq11YPrSLM=":{"valueMac":{"type":"Buffer","data":"MUsD27GLQ+XPraHMSvJpv40hLeF32K2l51cKmQJARYM="}},"Gskdgggi3ygSd6Z4ebgIWA+Yrmuwj2aLD0yD6vK3k4U=":{"valueMac":{"type":"Buffer","data":"kh8HZz48YkA+aTyfwkR7N3XpFC/Dcf/CHpEX5yAL/ps="}},"HCsXKJxGMMCvPwOHsjZsYqZ0WdsAW2elkFAc++glfRU=":{"valueMac":{"type":"Buffer","data":"Wx+2Lombj0Qa29CdxvMT3fruEPAlD6JUHSzcLFNHHSI="}},"HHPgaaG5p5ei6v281TthvqgI5z9VxcBzBiwXvwnkXkQ=":{"valueMac":{"type":"Buffer","data":"V3Z3YJmUn99RuElM6GWNR5xZUFPMy+JPqeiB85LUxiM="}},"H4McShxgWVE4SfsJFtbwpyW+KPUBKbLRcoMn5T2xeIk=":{"valueMac":{"type":"Buffer","data":"ngRd9jeKSBzS/+dSp4lKRyj42aV8+3lnznWApJvA3jI="}},"IB+jOYp183LuZon8S/jvAaW1qzDPJsCUa5t+6sHa8/g=":{"valueMac":{"type":"Buffer","data":"1d+Jy4GJ8zsk8ZHFljOH2v4bk7+w9ZPneW0uUpM2ipY="}},"Ja5rio1wCtGqqfzDnUZ9qQWf3E8CFOzqIdcanNL/R6I=":{"valueMac":{"type":"Buffer","data":"1/CSzg2uj/PvWQaDtQravUy3UJcJXZ4dpz9OUhDsQAg="}},"KURMuh66Q7rzGBK5ZNOVUMJmGVoj6J6B/jDZ1JDzBQw=":{"valueMac":{"type":"Buffer","data":"WnHXND7FYkttck2BFbunWfrCsSd9Km1L1u/M21lOhV8="}},"KZQAVTL1t48bUpQw/XRxY7v4MCYS+SbiXKAgon++n5Y=":{"valueMac":{"type":"Buffer","data":"iDYhC50bqu78cOvGeMudlXa59YrYZ5TsX0nfRmJoPM4="}},"Ki3bcQfwxWWuybILykoEkS4iBEzd6xUrg5ZHffX8IJE=":{"valueMac":{"type":"Buffer","data":"cK5pYxQglVvJ1qCjyvRMlCmKHQ418nOoiBRY9EpQxjc="}},"KzkOq95MB9KTfcV4zO/zaMujkA8qP9QarPT8LZ6IhFU=":{"valueMac":{"type":"Buffer","data":"YExVsXGpAMkDzwu5w39yp/2jvhy0Fo0GEVpDfXyzRfQ="}},"K0ATsw8QE4oawXHCxlfQweTG5PglpcdPTN0pJ+yMZfQ=":{"valueMac":{"type":"Buffer","data":"9sibDyUSggoCtiY4SVQamGE/qUkpJL6V4jycIbHRGV0="}},"LCquuZZtnLjFkxIYNFca3wYT02jhJaRWrVV6ICA08xU=":{"valueMac":{"type":"Buffer","data":"psnvnp1CFlLMOdTO1/XfCmhBPZLhhd7M+wge8hymnvo="}},"MNYzZFMsZtjifKEQ7O7Z7227qAEJiguJa9NamWIpBUU=":{"valueMac":{"type":"Buffer","data":"M78e3eWoxyacqfdoA9hkUWXhbYZH5ORKO5asg+a6KJU="}},"McICYrQMhs3TtjLA/iKM4Qvccr91w6q0x2diKxmUkKs=":{"valueMac":{"type":"Buffer","data":"CVHBeD+LxiaN7t48gdGd5QmmWcbsMdKdlGQ4tSpPoCo="}},"Mg6vENHRcAb4wnrVgyBio+IZ8gDWyD9t2kw8kTNldqo=":{"valueMac":{"type":"Buffer","data":"cNQ2J8X95S4r1UZiByUkCHITvzYcr64FgyDPwV7Gnk4="}},"M2V+S3cOFg1nneCSgll9nDos8czLvXqPPwos1UWCflE=":{"valueMac":{"type":"Buffer","data":"daI4/bOR/q0YijppL9zCHskLaNB0xO7ILFGGNrZZ0wI="}},"Nq4M/ditwKk6pw1kDFt088YWoV+R9UyPHI8sAP6RhDE=":{"valueMac":{"type":"Buffer","data":"8ufm1PbQvn1JiuiqhCQSuVBGX76U+SZx891kVs4+Wdg="}},"N8UzOvs/4B601gq/KetPf1ChAn6YSDylmftIniIWMdQ=":{"valueMac":{"type":"Buffer","data":"aP4xyTtmWVdZeWpOF0nWL1z2o4ylrqUb2/BJKCT0r+Y="}},"N8rYxLO0UY8/yrfYpVfKYORzrlf8NKe3G/2QpICFg28=":{"valueMac":{"type":"Buffer","data":"bdF8J1pFA21sLxWf6l/qYoUQt8jptl1swQkH7XrxdSU="}},"OiCE6uhepARAoaVX7GFRrTI3aaJYCBlw1gkAsa2JMx4=":{"valueMac":{"type":"Buffer","data":"8Fn84HiUF+jpgsSWxsR5cbSlqOtiZaD0Y6y7x25UDKY="}},"QtM5Ktu/4WEHvm3ubbbpW9gF/o6RK/kqAkUOr6hX0Ko=":{"valueMac":{"type":"Buffer","data":"xfYd69jxjIsI9Ak/x4ksSDhBmWKTuCfhgFQsT6ojwMI="}},"QwrZ2coGitkBy3q4FYJT2BofyxUXk98rN8vXDF8cVgg=":{"valueMac":{"type":"Buffer","data":"6uTTAvj1E5LFqhdS5lVo4Qwo33QQI7Fo6HQPuO1uxPE="}},"RH+h74NmBroMq1lu8hCtp68OIXZCGKMAJuKR7Nbdoxs=":{"valueMac":{"type":"Buffer","data":"n/fwMrQTkEy5IrMhFBeSxiwowZ3IGfBJgFMNRCfYleE="}},"SOKIR06VlvgFbLI8rmtD4/9Wr45VsvklzNjA+TGzxmU=":{"valueMac":{"type":"Buffer","data":"s3qUAUPiqYpXmjrwFAc35W1VwtxOQDx8tXLsdosULDQ="}},"SQ10GgY+A9UWD5Zdhbdklsba8/bxbFcHdrH/XIkdDhc=":{"valueMac":{"type":"Buffer","data":"7zS4iWvD6Z7NUSY2SVBCIcxFLLjck/qDpjkGsa8RTjk="}},"ScuN5MKGatI5rzvOElqWLsnQkcMIghjcxM7i+ZM1AK0=":{"valueMac":{"type":"Buffer","data":"43GwEuWxGeYTHXL1st1Odqgc2rrHCBZITRQ/Afs9094="}},"SlI2BqBI07C6kIOOtRMgCj/Ln5LZ21ZmTGYPlUnIJRY=":{"valueMac":{"type":"Buffer","data":"7H/DIRN9OGxevU9iZ3LzJ+WQtKXZOC8OOOYgU/XTMjo="}},"S74G3GbUG4hKtbRMwGmTIZMTys+Iem5034i9TyZtm6g=":{"valueMac":{"type":"Buffer","data":"UOYk/q5OGGvJOXcQkO/ejYoxxWu0vgAi0Y0Ae50HK7k="}},"TFiOdn6lfQ3VLQzPmXCqNZ3WP/6E71KnhK50Gnw1MTE=":{"valueMac":{"type":"Buffer","data":"wQZnTcLwYpJlBZkM3lFE7/b4FBYdGogERZD9indHKDQ="}},"TuPAGKB13iKnXE5oc2U/Oz1mArjz+oBlDUxStlXNLBg=":{"valueMac":{"type":"Buffer","data":"gXzD5MMD6cz8dFqz7EkjToKfp9WUgDxPwEklVrER/b4="}},"UAX5bB7NzNpTTJpp9ATWim9TKBGnaoic88n7Wvu0bJ0=":{"valueMac":{"type":"Buffer","data":"+uIE2LPWgsjEHhIGhTJwteagsb3b931mwy8YoGvD2Yw="}},"UD98ldSY1CMldf2xaNrjLXaqZJ9GxTwsReoJWKqzKUk=":{"valueMac":{"type":"Buffer","data":"pNWEuGOT33BV7aDo6m4M4I5mckV7Svbzduj4OXcVofI="}},"ULSPVWPBBf1bry42HjpPSBUfaZ+Z1yrdfAykxuVE50w=":{"valueMac":{"type":"Buffer","data":"5SHyvY/hbPRcKotu8jN2X3quwODqfMBRn5Q/1xt8fM0="}},"UMHSIkyw1q0ycHPvX43m0axxz+GZuqz88ZUVSkXWIRE=":{"valueMac":{"type":"Buffer","data":"/U0e7GfXPUl+UByMoAvqB/vGvbutFVtNUqgYBSjJjL0="}},"UVfQJWGSD8DYE9xl6fBQEpWTq0/S4fwx5OV6NSrmjzk=":{"valueMac":{"type":"Buffer","data":"DNphHtSUA4M2FSqWwUuBK1I3XmyWieQjFaYuAhZR5So="}},"VCYY46X2pXJGZRimlDc5TnDdi1GupcNLRbDib3rUB+s=":{"valueMac":{"type":"Buffer","data":"kdUnjlVYLnm1EgOVi62ASiMlLukzYm0EHM/5qZkoSdM="}},"VJihFBRtC9bN70sjPEbXOCvdZ0HG83/x4cYpqXPZ0N0=":{"valueMac":{"type":"Buffer","data":"hs9uZVUSKt36azdHr0IRBFLI2haX+H7b4Axks0Kq20A="}},"Vz3cA9Ive+Uq2DBT/Q+t8vEmHLyfhwVeA+kMvNdPRZY=":{"valueMac":{"type":"Buffer","data":"hZ967D029PfEKrk0LcwkUN6DqZ4uf3YS2s0/Cdbpif4="}},"WOTZ7np0na/tt3tQCUMy4qUZ0jncoH+cqlTr8xCY9x8=":{"valueMac":{"type":"Buffer","data":"RgHOhMMKlreFZi0ki7I5efqj9IXzdmG5gmSICWzJzkc="}},"Xx06Xlr38DPXpee5pur8RDUVl0qy887p/OYLtaHiEw4=":{"valueMac":{"type":"Buffer","data":"3g0t3gOAPoEITljc+feJs9fDfJacBuwxbxBv2XF1L3U="}},"X5QjJBwf26nqkyOlvbyyd5eEs/3MF6CDbvj7PL1RrkM=":{"valueMac":{"type":"Buffer","data":"q5HEq47JtloPRh7Qcx3G6vtljKhQIMhsD6IXOklZCfw="}},"ZwDKdPJdtufJR/Xg7ZYh4K/Q23F2hwW96UCkg5Z43ZI=":{"valueMac":{"type":"Buffer","data":"f8za2WY3S5ajn9DXI1gRWfkLH4QuHCoVEGo7KXs8C9U="}},"Z/DIdHdQfK8ZX/tPYDLC0d9hfEeNr0t9mES+L37EwcI=":{"valueMac":{"type":"Buffer","data":"AnWvA7esf7QUfloM1avPQLmsH6inz7a/awE76+Rx++8="}},"abpffRgYdz35ctS9TdCog3nKTbKnsX/zfU5suWmiKiU=":{"valueMac":{"type":"Buffer","data":"GYzcDuYx7A9AclnGyJFh17hpwkY7Ry5P7btW/EC3ELA="}},"awLtOiO+s21fKxmeJIRJxL1oTvHEd1x5HZTNi0+7Jd4=":{"valueMac":{"type":"Buffer","data":"wsrF1YLJ9snD4YtbnFj4iY0mjh2SlrTdr4Oz9mZfpIs="}},"bJbgsV2WaRFgZJZIUgb9XMbHB1IB4SNdyb4+cEIOozk=":{"valueMac":{"type":"Buffer","data":"jXvbFSFgJPaX++hXtl3nhnXCcsTq5SW6pPrQZA+OnfA="}},"brLpa1HSBCT8Z0z/yQ7w0cu/MWXiOlGkLI2Ao6+372Q=":{"valueMac":{"type":"Buffer","data":"azGNpFLmL0r3/H4H7mHCCr+/qlLYM9FHq77KW/whbXk="}},"b2jFPhdDD2x8FnVXKETwRjMHpznEpoIQD3RaShimoAM=":{"valueMac":{"type":"Buffer","data":"ztlckzZW3uluQgNhOyQ0u6vz11AEjytAgcTEBQrzquA="}},"dtQrrDGZXCHyjn1lRGR/lfYrEx8sYyKNuMRvxGRLJ/E=":{"valueMac":{"type":"Buffer","data":"iB7+z8tt9Zz3pwH3rhdzw4VuyXaPBdiCtmp3zpA7hyA="}},"fHN/96JqVW9VjAcVlALWFbjijud6Yfl+Q0GZrBQu2+Y=":{"valueMac":{"type":"Buffer","data":"d75bX8uKpj/OZHHv85cVpur721+yGS2eS2uRKCA2UG4="}},"f2wq6IyLevQ4pn6qa2hZFX6RrNhqjv0sd3A7gV0p7WQ=":{"valueMac":{"type":"Buffer","data":"gQtERgAYZlsBv66GBCaiy4+ALEBDrhz10Q8VqRbSQbE="}},"gWWXF+tT93uq+3yomKPByWnpuwZk2HgEv5+vHdZiyMg=":{"valueMac":{"type":"Buffer","data":"OYC1vFg0U5zG+y2qJSKXbeACWu+WCAWrb6NKkfaS87Q="}},"ge7q1PGN2Fjmk2rm08QCUcAM9JRx8LsEV1Fl0Q5vf/Y=":{"valueMac":{"type":"Buffer","data":"uIsaB4mHwfOKV2ozQ8BYXD332g7m1y7fR+oIYCOCEUc="}},"gkU2jG8eMRTa7lUja8hKWax4AeFbKEngkhDHV03M64U=":{"valueMac":{"type":"Buffer","data":"js6pd867kqEfcdik/82yjiYCSCh/TgGUDs2TPmroM84="}},"glDyP8SmfQOJsA3XsK+yk96Rc6P7UChax3kJAta25YA=":{"valueMac":{"type":"Buffer","data":"yvTB4juWZRwj0Lp84+dfXLik8lJ37tTuvNvh8taacfI="}},"gtER4tuCTGIWwy+QI+VokfLLbWRj7s0aRlFYUFiv2o8=":{"valueMac":{"type":"Buffer","data":"i0rppH9lGlakUytyBIyJC1p0kbPNmD6Mfmh8R8OyIhQ="}},"hsiAppvHb/Q2M+z9g1D2kfrCjavfFeu7vQqnMf1Y1xo=":{"valueMac":{"type":"Buffer","data":"kVp62m9N/VexBv4ZW31a978brTWZBYm0Vu5J7EPjBkY="}},"ht9ShEs3wlarTvMfMtpncuY4EgPQqzIqczkKI+RCWvs=":{"valueMac":{"type":"Buffer","data":"Tpizo1Amw3xA16AhDi7GAaOIxqD5f8IxfVpp9z9/viU="}},"iBksDNCB5fWI0nLvV/Y/O/y5d3AOLhVB0OcDVyPFdyQ=":{"valueMac":{"type":"Buffer","data":"V8o53FiqlGgl+TxsanPW3RjeTmLFPL/G9AtAziWBlwA="}},"i864zQRs3gD17RENGbh7vIe53juzAr/n8pb3vshlN9I=":{"valueMac":{"type":"Buffer","data":"skylOPiEsiIeXxBI4tVeMC7Av1XSa/KEhYtd/0ROr6E="}},"i+V3LvixV+WvJLCh50fE2EZEWuGrJqGOLx1KOjfqxbY=":{"valueMac":{"type":"Buffer","data":"z5Q00TXQh6+Z4JY1JPA61kRkDjlBlK1qcwxNyeMFs4k="}},"jEj9RlcmTYxzcQMWX2/kF7af7YfynVIJCnT5GkocmlI=":{"valueMac":{"type":"Buffer","data":"LrJP/K9S+dk2E1AIlEvjIMiLaPZsp9rWKyrqa3d6894="}},"kEWCUjywPvIXUCGVN8myjr2mFUail3zgvKBlD6a3Sbo=":{"valueMac":{"type":"Buffer","data":"uOHUD6kYsaRmqoYZtzbWJs/JfVl3I8lIYAJYfk0uFMw="}},"kF525NGDDIIQk6YLNU+RCkmWbuw5pA9fphlGOk7GOxU=":{"valueMac":{"type":"Buffer","data":"IMc50H6HAuU0iNPlHrRG5ghmHLn88czPlkqM454Dp6A="}},"me+L7M1GwxFqFz9Wc+roRu/wGrGikR3balzeyyHk838=":{"valueMac":{"type":"Buffer","data":"RoVQFLDsR2CVnStNKoGpp/ddnECYF1D0H9qUGc9mEQk="}},"mjx7RATSOdYmmDu3CDHRn3sXaBFnJIdkWCLr5XCgWys=":{"valueMac":{"type":"Buffer","data":"FjmoMKlUQFL2PYYQ11RAfhcmhI7f2k5xO5XYuWyQieI="}},"nKCCgUll2kbuGUMjXkrVKxDot7l6g0ZRMskRTSITr6k=":{"valueMac":{"type":"Buffer","data":"MxwuPLPKh2cnNNaivEjgE+lHDkL1CLM/eHeN+G69n38="}},"nV/fHDQsWmfJHLRxNj9SfOgesqkYDYcZ7TVHUX9LZW4=":{"valueMac":{"type":"Buffer","data":"TSi7snp1uHSLIRIgGKS73wf3wL6ooHU36w23DqxTh2k="}},"nYilNea5qQWeAMo2UiK00g93XdX5OfSrTogEwLWd5WM=":{"valueMac":{"type":"Buffer","data":"QBUkkaFwmc6nRNQ/FDAXd50PhaTNWyRxFSLgkYzX96E="}},"noBQ0RUTg1RnLUG8p8hr2Iw/kt2+qdQ4F+Sgsa7kiR0=":{"valueMac":{"type":"Buffer","data":"IXlOHMCn/p2ACJatjUQs9NTpqcNne2UykmoB3/8AjfQ="}},"nzJUknOdQwacS4MPRxUTDaLnfsVn8s+4HuLfc5gXYww=":{"valueMac":{"type":"Buffer","data":"r7+RYpVAaqR7m6RQ400E2PEZGtMqYjr2oIrZsiZWreQ="}},"oEgS7G0RY09o+piBuIYSVbazQsp4WXFbf7+oLDDDZPs=":{"valueMac":{"type":"Buffer","data":"BM4B7zDrIj8Z+wft4m2K5GiRsc/NOn/0vyKpeYtRPdQ="}},"odd3XmnPKaU5fTeGForU0HjL59AYJNwAAD0e+4RCTUQ=":{"valueMac":{"type":"Buffer","data":"evDUdGrytBdEAht4TKamptR9fLPjcillj/k5kdp89SU="}},"ozZLSiTXWsirxEHoANRtn9pgfaYu2BZAai8xgWXjyBQ=":{"valueMac":{"type":"Buffer","data":"97jVlgjJ4+/NfNL8vhlmMO/ISzOBfbmOEfJ6lDD3gXg="}},"pD/AZ7pz2JQ0eOMhQIq/c4EQjtjq+Lpz7PbzutBlouk=":{"valueMac":{"type":"Buffer","data":"eR3J9CUfBC3FDGkpPL5Ysdmkyz6oLd6Me7aFVGs8WmM="}},"qooLtBUTBPD0y9phmDSijkVF0bT3sELVA2VoP44frj0=":{"valueMac":{"type":"Buffer","data":"0giRVYOlZsZkqP1Oj5jNZLUQHwMKT5+zGfMP1ozcXUs="}},"ri3hZdIWzxVzZN0dM0TKURYeMVDvK5cv3flAJKEfBaE=":{"valueMac":{"type":"Buffer","data":"LjtWutnRVI4MB2qBe0v/ObZShrxJhRHM4J5M0Q5Jwq0="}},"rm/k893r9+0HU6Gi0OyFXliZiuOg85ASSWQmj6SDcRc=":{"valueMac":{"type":"Buffer","data":"4mjov7q6rbeaAqsKp5+EM8nNR7Y24pDAXspuNVjgCT4="}},"rq4phptN2vjuSj93F0pDqf+mkD7xGeF6v0SGCNuTIQo=":{"valueMac":{"type":"Buffer","data":"AziawQCRVhIjNQSGNSTb/w7qO9ClCFnnkkVcZXYLBbU="}},"srnjoyYvpj2zQXD1Ps9UOUqzPIBOOp0t0tANKgFh2E0=":{"valueMac":{"type":"Buffer","data":"AT+7yyW8j8ggfB/rCaQsQ9ckqC1UFJnmALDXar3A6uM="}},"tBteDJJbL8NF5thoDHe+dbZ/gzHo83UQbvzDN//M44o=":{"valueMac":{"type":"Buffer","data":"AcAMAR3CIzCpxI0NpjkEeKkMc9YVfMJuPmutvfXVPMY="}},"wAMW7rN6Fe6tBcAgIPiB4NAk3eJZmlS2DPXRiRCBrkk=":{"valueMac":{"type":"Buffer","data":"IzqGJMnlNbyKCtfiG+KXqVme3KGReSUg7WdYVTqRt00="}},"wLHZLGpguXdL2Q0DVLOWuBBfc2tT1Yx75dwFWL/6A9A=":{"valueMac":{"type":"Buffer","data":"4a12yDk52Gtqd+sZd7cQarii4W51gyII6+v/9JYYhLA="}},"wUL6mp2qh9nO0Hz91yV+xJXvZ51yCdmiY6FRnrJUVJc=":{"valueMac":{"type":"Buffer","data":"im4l8CZXfkRmfnuuxkO2XanR+1ZJO4qyg7orCFDGx8Y="}},"wp5L665wsgwL+C2gYGq8pOujselLYTeC1Vl9xUWY+0I=":{"valueMac":{"type":"Buffer","data":"lteRxXn52ZU38gob/4BXSB262zV+CkdUO7j48IcL9qs="}},"wvLV6v6mb/lwIw4Nh7uPE7UX2OEr/lrIJ6YKtJ1b+G4=":{"valueMac":{"type":"Buffer","data":"+cANLyyDbPPaKSikIjqFDikrmusTzm9uV9ASrhLu34s="}},"xzvg1oMEfTN7nYwEsDyysc0JplCGHU2nVlFB7+lroew=":{"valueMac":{"type":"Buffer","data":"YJZGO2mbEcn+KpzEL2X56f8lurm0Z/vRO3mP/p17XEI="}},"x17pltg2qTGkEyLWi17YgzZwUjlj3KPzphzwmbZQMe4=":{"valueMac":{"type":"Buffer","data":"eYqIq1yexoRUm7YMc8b2zRtpguFeoBVGw2sjYzY+GE8="}},"x+PBmOxYot09MelkOUOi2CUaN3kyY4JGXiAAIHspve0=":{"valueMac":{"type":"Buffer","data":"eZQ0JPMVOqcPETq8paOLXNJg+MmzCXEZ6gSIWsc22Lo="}},"yDqb7U3eculmGQFTDCX8GLxGRWfWKg3owTRxsCINH7I=":{"valueMac":{"type":"Buffer","data":"w3zXjiNUl/AymJTyvQlINDHfw/8pDlu8P3jP95nRw44="}},"yFyIOOiTIExgI+uJ0b/XG4qZq5yZmx/JU9v2JVV8ixA=":{"valueMac":{"type":"Buffer","data":"6w/KiiFd3y34F6l0OjfcMMLAHpWwLc634uXiBYXgv/Q="}},"yI5+D1xeD7O8/ernTrbuhgKSpwFJrBA6YF/Fc+EQocs=":{"valueMac":{"type":"Buffer","data":"Fw5aUxjjy7R0GEE5ddpHbE4633jgKho59WkUpE54CfE="}},"ybSxvqov6Krzy2I5aYcLykYP0qjUFxc1Oa9FaEQb9Yk=":{"valueMac":{"type":"Buffer","data":"o9fb6EBiZOVM5B/kVJn5eYrX/E3ejW8FVfl3yVqQP4Q="}},"yqmsirOGpoN2NfLNAzaHQ/VwKLY4sUdJ0W1XnqgnzWU=":{"valueMac":{"type":"Buffer","data":"vJYoKlHCl80bBAD7H4kLu/IGEwk+6Hh4M1I8I0EcHn4="}},"y3Vf4gov9yAoHPSbq0MgaIXEGhrxCNDQfZtG8Ez2eHw=":{"valueMac":{"type":"Buffer","data":"u5vWr3p66/OLey6N1JJPz7Gw0gESWt5G2cm1y20a3uo="}},"zjCKfusCmSZQCN6UI0heW7yHE8KiaI0a5FEx25C1hfw=":{"valueMac":{"type":"Buffer","data":"ulhZ8HTTCc5CsCnspj04+a/fcl8jDRFd0dUYLkxf8pw="}},"zoxMdsBjgiBifqG5kbfxLnL3KBIwBpmHPGTqIib7JA8=":{"valueMac":{"type":"Buffer","data":"k/uC+QbBRdauph/ow7oQATtuotmUf5ExMFGAx1zoEtw="}},"z6nEISfHYDfgyQBS5ZpAC5QnExEnS6x7gq+XyNpcJcE=":{"valueMac":{"type":"Buffer","data":"MkEoYsck2VOK6pz0zdhS+WkB8/gcLkWE6iU4Pbt6rRE="}},"z7Sn94vTqwpK6GLgl2vulKiKWxTRoJ/v6B4DjJhkoKc=":{"valueMac":{"type":"Buffer","data":"nVKv9SF92Rzj1K1rHVtGNgd6MmHe5ij5rhIRmYa5gPw="}},"z8BWHXD/yNvIrNpGc+XZHjpZatNn/Weh0QEkQGaCbe0=":{"valueMac":{"type":"Buffer","data":"VRnC0mgBydcFd+pUFCT5HRnlU6brO8lzRRNmLr+MvdY="}},"0F0HpVRPlHhKFaCyRrklh/LBXyH9Jo4fddLx0l/x7Xs=":{"valueMac":{"type":"Buffer","data":"r5RxLfH2U0wUXjM4xjAyc4TgVgRzdJ2iTJlZDBhrgjY="}},"0HQC3B0EoECgpi5qsOwy2el9yiQZM0ISgXzvcglGWqg=":{"valueMac":{"type":"Buffer","data":"XxQRqdfmN/BLuUSqHWwjVU4Mg5ggKnDv4PfLNd5Ti9Q="}},"0hh1NU7Y2KBC+sTUWjhVO53cA4hB3bKd3QU38dBXzro=":{"valueMac":{"type":"Buffer","data":"sY903H5KoHeaatWG6UtYzqQ/fLUJzU4jsvETD6iFsp0="}},"1swQFZBGlQO7B9Jf2cMuG7GlzzSvZp8/yPhGXSHzYSc=":{"valueMac":{"type":"Buffer","data":"yClsfrhg6wsb9JMvcob5l6Jng+XGyNuBz5CWyDBMnfY="}},"1wOEihxLCi5kvvpsQilr3pxbGlS9ZhnY48R1vL7j7ho=":{"valueMac":{"type":"Buffer","data":"HmKolBQ1gYxHAS8ovbQ/bPXdsuhk7e2XkxPiJvI8pJs="}},"17Fa5kpJg5xqtfYDY904g3YwQOGlnjpZIXnU6i3cu+U=":{"valueMac":{"type":"Buffer","data":"ywfv3ZdeUTfC0oyW8et/GY14vAbmNQTT6BB7JtEazVU="}},"1/67SwnX7HZ79D0Hc3ZiWh74UocBGh94m1hJQu9jFO4=":{"valueMac":{"type":"Buffer","data":"VmnlAL0pPA/PbDiT1SkaG2Fqyj0vU/AefAVXNB2AMRc="}},"2TPRPZNcM7g8lZ4uO69tqsllLpw0yj7sbTv2Fdyylbs=":{"valueMac":{"type":"Buffer","data":"s23C4v7NeqrCSPbDp+eKev+4TpuiVcCMj86EDPfHeSk="}},"3X9E9SLoHBuyyRZ9qvJTnyNkptG6iX4DLK6sxwQyrSs=":{"valueMac":{"type":"Buffer","data":"F51fiaKEma7vKYx1wvZzhemrplTwHGW8qXq6zZoIQsc="}},"3cO6oFMtaAIQsK8DpIjVWKCw7qWhRJl6J0nJqRQSgoU=":{"valueMac":{"type":"Buffer","data":"WcTR8YVGEYCt1u2MQQJXisNOVyB2JosD69MSr+Xx47g="}},"3ctkv1lCZslzack+z40loX66dMeF+MUnUp56aqGQ4vI=":{"valueMac":{"type":"Buffer","data":"cBiA4sh9yWLB7Z/TF4dXLhf+36vqeSAkjJDjE1Bt3ms="}},"3eG3zB+7wrMRSjMLCzDMxveL2NDsQgS+ZOsLd5VhNOI=":{"valueMac":{"type":"Buffer","data":"WpQs4VCEs0s56sjOt0i7Ek3pfe1QAqroRkbGLUKL9p8="}},"3z1dVRRnzYW9VDJt2ZiqOIcZt6FdgiABXTvU846fvPQ=":{"valueMac":{"type":"Buffer","data":"3s2DdpL1GldKIVWLW5QLCJk9zzaoLdqq0yvonQVE5+U="}},"4Uex0a2KBlyMC5PYfEqGOadzNUbLA9EXAixXsw+JgMU=":{"valueMac":{"type":"Buffer","data":"ByIjzf70oopq9mlO6VKqvoDxxh7mlGE2xEqkBvg1/mk="}},"4wodaoQgcxJKXrIKMiiIEKw+Qmy7mEMS1nzUkkir76Q=":{"valueMac":{"type":"Buffer","data":"VSle8EH5AEsfYDuqyZ2AeA1YrMxtRKTEHpTejJnd4J0="}},"45Rq6B6jDjtwKx2C10wnjgViO5TvO8vOBj0PDRi0Czo=":{"valueMac":{"type":"Buffer","data":"naX3A0p5ivLlHbpNgmlS0reEm1jV0ADHGbzm47DFYCc="}},"5wMjf9YfXq1fS12Y08F6sxTUIJjN94Zkr5YQMZgZFkk=":{"valueMac":{"type":"Buffer","data":"+IE7jxEc2AWrJPlhjHVsB/PJcWw/C7CIPVb2ZvSd09Q="}},"5+bCqyi4uA9xMgELvfZIFIOwMHQiDiLPYTbRhHeQSIo=":{"valueMac":{"type":"Buffer","data":"YyFWiUMX6IDvNfnrsZxRpUayJIw22KA37ikzX+6p848="}},"6nEtTX9w/B9wuJx0WY4p+eVT9ovU49aYm6M89hd6JFI=":{"valueMac":{"type":"Buffer","data":"B2gif/zYIjmJIsYYN7WmrTpSztMNHdB4hbLrgdSc8BY="}},"7Q//4T2eZoWY1sfTP6QjrsHDn17yk1NwY0wacOCDgck=":{"valueMac":{"type":"Buffer","data":"fqX1QgULnOVsCnqGDWXmUE/qXVX0tIyFMGsr1HUMcTw="}},"74uEnHu1AxFGrlu8Zfd+9GGsns4Xc6PQjbRU07IOnUo=":{"valueMac":{"type":"Buffer","data":"khsHQGDwHPH1H7oazur09XbCkNl8WCyL1Jshxu6JWvI="}},"9Q13mxCZ7TvrA6katwPuRuTs6nmtlPZWs64DKY44+sw=":{"valueMac":{"type":"Buffer","data":"mSM5zSZVWOcQ95psQu9PyTgG5FbruSOrcJBKEidBqrU="}},"9hBSlYfzzeWiyn0VYuZLsXoNr53XYURgxXmKTN74npI=":{"valueMac":{"type":"Buffer","data":"Nt91hiAvJlcaprv1247GmIOZBl03SJjhZEeU6/Ik43c="}},"+gbZe4plpmAsLvKDtkQow+R5kntx3p+wlSPv9+kQkl0=":{"valueMac":{"type":"Buffer","data":"8YqO352ny/p33qHFB8e/YLuKPYPEfrr7fnDji0aYziE="}},"+me9jpdGp8F8DzU7Ss9j4YAaq0lFKTPjqP792TYzlPY=":{"valueMac":{"type":"Buffer","data":"R40NF0giessQ0J7wyB0CtBDBsnka55M3LTG7T1vV04M="}},"+7ROB8LckIQ69mJP4MR06bb27zOTxsXtAaMwm/B5d7s=":{"valueMac":{"type":"Buffer","data":"QEvb5WVDBhiJ8uhswG2Yad24D2o/4Y2JzGorZWAxeT0="}},"/22A1daSg0wRfLlGGva6MwR+rPFIXAm9/ukFryVdFW0=":{"valueMac":{"type":"Buffer","data":"I4KixDe4H0jPkGi2e5rEuwXILogtkWDjVc52mQL8cvw="}},"/275Ou4OqckUkF/CVkCeXam74UUyct6S/2rud6sxlng=":{"valueMac":{"type":"Buffer","data":"SK6AxiJeM1DjcA63UARbqRIOmfLpg9XQSdm68E45e10="}}}}