{"noiseKey":{"private":{"type":"Buffer","data":"wNvhmYfcWdDAEZr7AoBp65pfLaHgulIT3S3dlVoDalI="},"public":{"type":"Buffer","data":"o6Ku2wV3sLe8XvrdQdkKLqqmNh45qpiiusEGiHlbAiQ="}},"pairingEphemeralKeyPair":{"private":{"type":"Buffer","data":"CDpcuopLODZnwwl3ckkejq/FFZaGr0msfKxzNxv2pU8="},"public":{"type":"Buffer","data":"UbV8loiTPDAN7F1eHpX60HkKhxcyEVt8fwE1V0KgEXo="}},"signedIdentityKey":{"private":{"type":"Buffer","data":"EGCXOVeEk4S8709gL6IveW8BYO4wBCLPmrjUlQFvcXc="},"public":{"type":"Buffer","data":"4VSg9FgPJNlnvqb/W+cBnFBcc7ZOId+Lvd1qR3U/JD0="}},"signedPreKey":{"keyPair":{"private":{"type":"Buffer","data":"IGIwCj9i85VrL7etd811sqAkju87JLjKqx6wAdXk7UI="},"public":{"type":"Buffer","data":"HqdteYoXcFCSD+ZC9N9Y0v7PVlxRl6jq5kbuUZ/SszQ="}},"signature":{"type":"Buffer","data":"DchCGpCuOMFi3+T4wVi7gk387NVRQ90YRRG8QfRIp4pLhge99yEabLwVpvB0eq+GDX60LBF7PRAZMsBsRc4Gig=="},"keyId":1},"registrationId":43,"advSecretKey":"nRQZJR9y1JvzY6PxM+xtgyea7wZbZxR+0pne+HK0mac=","processedHistoryMessages":[{"key":{"remoteJid":"22508692236@s.whatsapp.net","fromMe":true,"id":"B822D20258C2BF1E987E29445093A129"},"messageTimestamp":1756496060},{"key":{"remoteJid":"22508692236@s.whatsapp.net","fromMe":true,"id":"1BAF16A65EA1F0AD99D401D7EC49D5A1"},"messageTimestamp":1756496061},{"key":{"remoteJid":"22508692236@s.whatsapp.net","fromMe":true,"id":"FAAD900C6EDCDF1EC8ACAF29D350150B"},"messageTimestamp":1756496072}],"nextPreKeyId":94,"firstUnuploadedPreKeyId":94,"accountSyncCounter":1,"accountSettings":{"unarchiveChats":false},"registered":false,"account":{"details":"CM379+MEEK6ByMUGGAEgACgA","accountSignatureKey":"H6vXfWi2g1KV+9oXLfXSIAUrJlAWX2t0/9yFnjIuExo=","accountSignature":"A5YKAS4eNqw8GhTZe+knOtnRL15bkFBB1EGMZetU3KOFBtMV+kHKXIL+fyDaCdcxFcFGZb476EFYyo2BBA0+Cg==","deviceSignature":"Ks3lSV0ZVa8Z1fECiKHmT7BZ1+avrJDFE7NwKCu/l4as1QnnxAx7Az7IyG1OV+EZt73bFQjxf8JSf4NHfQ26ig=="},"me":{"id":"22508692236:10@s.whatsapp.net","name":"Stef","lid":"145590834966727:10@lid"},"signalIdentities":[{"identifier":{"name":"22508692236:10@s.whatsapp.net","deviceId":0},"identifierKey":{"type":"Buffer","data":"BR+r131otoNSlfvaFy310iAFKyZQFl9rdP/chZ4yLhMa"}}],"platform":"smba","routingInfo":{"type":"Buffer","data":"CAMIBQ=="},"lastAccountSyncTimestamp":1756496370,"myAppStateKeyId":"AAAAANlG","lastPropHash":"3gPUJk"}