[{"senderKeyId":930255650,"senderChainKey":{"iteration":3,"seed":"gdk92G+/bwoXEXHZzMxeQascLwnXcL6azq2/6qbZqD0="},"senderSigningKey":{"public":"BTVS7hKLIW4wwEdscx2h09yx6AvDaXG1MkfEDWaVlf0L"},"senderMessageKeys":[]},{"senderKeyId":1582716571,"senderChainKey":{"iteration":24,"seed":"Ym2AGQ2/hWG6XFBRhls2hg/HVGwen1TF5qDJkRRGPc0="},"senderSigningKey":{"public":"BdYAA0jlTWYqFFUWHynSJ+Ps2qTq9L49sNE1TfSb3NBZ"},"senderMessageKeys":[]},{"senderKeyId":1198140307,"senderChainKey":{"iteration":1,"seed":"UxYx6H4za5tcmazis4zZOomLBydvAdwpQfa2JmbKNXk="},"senderSigningKey":{"public":"BXsOxGh9zJZkh2OoGJ5CFNU7KQCGTjx98oskXqZZrkdb"},"senderMessageKeys":[]},{"senderKeyId":377425541,"senderChainKey":{"iteration":3,"seed":"ZIy84ZUgYbDmXt+D7b8K2hlTb5cNToCNetE7gGSsMZg="},"senderSigningKey":{"public":"Bc5dO8ylDWFalgi8AzJ+PHDADLp0Fm0bZoeykQYUY0RD"},"senderMessageKeys":[]}]