[{"senderKeyId":904840384,"senderChainKey":{"iteration":4,"seed":"fV1lE5p73CFIinssFHHUQ/Hj/wXO1ydcGMb3t1KoRe8="},"senderSigningKey":{"public":"BZygI+X74sDiZ5UfF1EG5UUu0sSKkoD4J5zLlvNRlc12"},"senderMessageKeys":[]},{"senderKeyId":1712050071,"senderChainKey":{"iteration":1,"seed":"Rih6grjGJHrcN81gDFiooshll3OXu37+c3YsFheyDv4="},"senderSigningKey":{"public":"BfEB2PWSkE7Vcb2K9KRjTfZn+eEjrnFXCgyVA6f/9hki"},"senderMessageKeys":[]},{"senderKeyId":958423512,"senderChainKey":{"iteration":8,"seed":"pUAGBdsmV19HiMmB8ZB/HiVDGCXH+IhXIsNPCjoe86g="},"senderSigningKey":{"public":"BRTiqrc97xf908eJZuHnxViPofwreMFoS8wYF4EWyb0h"},"senderMessageKeys":[]},{"senderKeyId":637269571,"senderChainKey":{"iteration":2,"seed":"zWPVbtsznNb125Ff7P0KBgzozwhB0xr6uSvbGYvCNWY="},"senderSigningKey":{"public":"BYlLbRM85sVp22il5VCTcZfv9+etu/cl+Dc7Ncr8H7wI"},"senderMessageKeys":[]},{"senderKeyId":850046040,"senderChainKey":{"iteration":2,"seed":"qdxdg7CoZg847LJRYk0CXQ1lcich1D/2/VQ/vt5H2i8="},"senderSigningKey":{"public":"BQj3yc9za2Ds7p9/Xy45RB4zUBdeRfmQWSnaZYn1xaB4"},"senderMessageKeys":[]}]