[{"senderKeyId":1431413954,"senderChainKey":{"iteration":2,"seed":"SjBGDSpmuPIs7y4IG7VKUaE8dk3/CMjcY1e18liWJvI="},"senderSigningKey":{"public":"BVdn58ptmBfyXseSERu8gYCyUZJbgg8YP2swIyq42Cxo"},"senderMessageKeys":[]},{"senderKeyId":1086243456,"senderChainKey":{"iteration":1,"seed":"Ak5LeTf81o2rFswWPLspEuQQrGtz26kd9Wu/wPaqd0M="},"senderSigningKey":{"public":"BWqKejCCRoi/Ujh0QLS09ltzzZ30KQT+8M/6OfdWPqZG"},"senderMessageKeys":[]},{"senderKeyId":466306333,"senderChainKey":{"iteration":3,"seed":"vEo5wYOjdU9pcyjgr2mpR1QthYvOKkLejgpY7i235nE="},"senderSigningKey":{"public":"BWIGo/WYSlh1NGCydLWuffXoHDzek4NZw+TsvGlv+Bd1"},"senderMessageKeys":[]}]