[{"senderKeyId":912069696,"senderChainKey":{"iteration":27,"seed":"ZmuZk2o8sjmyeWMPVtpWS/03hjPkBWxgSwMnH/JkOFs="},"senderSigningKey":{"public":"Bdz6obCchuhbhCibGR18gXcBqqQNgRDXICX9CqrBv6Ve"},"senderMessageKeys":[]},{"senderKeyId":912069696,"senderChainKey":{"iteration":17,"seed":"Tu6pt/YpB6VLdy9Hy94tqlAjxiNZCouDMuZm4GvbM2k="},"senderSigningKey":{"public":"Bdz6obCchuhbhCibGR18gXcBqqQNgRDXICX9CqrBv6Ve"},"senderMessageKeys":[]},{"senderKeyId":912069696,"senderChainKey":{"iteration":17,"seed":"Tu6pt/YpB6VLdy9Hy94tqlAjxiNZCouDMuZm4GvbM2k="},"senderSigningKey":{"public":"Bdz6obCchuhbhCibGR18gXcBqqQNgRDXICX9CqrBv6Ve"},"senderMessageKeys":[]}]