[{"senderKeyId":1219746487,"senderChainKey":{"iteration":8,"seed":"Fn9rR+qwLrj8xe6CAfRtEPbrPeslpHdbPtGYJypDnmg="},"senderSigningKey":{"public":"BQUgowZDObBhPDv1mVYEcRS8B6QXtEJ91XbmN5zgoFFq"},"senderMessageKeys":[]},{"senderKeyId":1219746487,"senderChainKey":{"iteration":7,"seed":"GGt26ZlaKnHI1UjyXv7GYGDe3/xtTNWjrQLfQi2R4xU="},"senderSigningKey":{"public":"BQUgowZDObBhPDv1mVYEcRS8B6QXtEJ91XbmN5zgoFFq"},"senderMessageKeys":[]},{"senderKeyId":1219746487,"senderChainKey":{"iteration":7,"seed":"GGt26ZlaKnHI1UjyXv7GYGDe3/xtTNWjrQLfQi2R4xU="},"senderSigningKey":{"public":"BQUgowZDObBhPDv1mVYEcRS8B6QXtEJ91XbmN5zgoFFq"},"senderMessageKeys":[]}]