[{"senderKeyId":930980870,"senderChainKey":{"iteration":2,"seed":"TPhG6BgAic+BuroDKOWZtSLfcysjZHeByi9yOGYkwOc="},"senderSigningKey":{"public":"BUH4HFWnC721jipXLd2h8nIeZLfn2vvpqv8+iz8DrCdu"},"senderMessageKeys":[]},{"senderKeyId":930980870,"senderChainKey":{"iteration":2,"seed":"TPhG6BgAic+BuroDKOWZtSLfcysjZHeByi9yOGYkwOc="},"senderSigningKey":{"public":"BUH4HFWnC721jipXLd2h8nIeZLfn2vvpqv8+iz8DrCdu"},"senderMessageKeys":[]},{"senderKeyId":930980870,"senderChainKey":{"iteration":2,"seed":"TPhG6BgAic+BuroDKOWZtSLfcysjZHeByi9yOGYkwOc="},"senderSigningKey":{"public":"BUH4HFWnC721jipXLd2h8nIeZLfn2vvpqv8+iz8DrCdu"},"senderMessageKeys":[]},{"senderKeyId":930980870,"senderChainKey":{"iteration":2,"seed":"TPhG6BgAic+BuroDKOWZtSLfcysjZHeByi9yOGYkwOc="},"senderSigningKey":{"public":"BUH4HFWnC721jipXLd2h8nIeZLfn2vvpqv8+iz8DrCdu"},"senderMessageKeys":[]},{"senderKeyId":277595380,"senderChainKey":{"iteration":2,"seed":"LqZ+Ft/F4VY4i2v0r7rLF+tDBf3znBGX87gn0XMTs28="},"senderSigningKey":{"public":"BZv33fZ7oQv7yORLW7urJOWGbDSEX4uxK3g12K7z0Nhr"},"senderMessageKeys":[]}]