{"_sessions":{"Bb230/a0Z/TRfEMS/88KPcxYRRQOVIyNRPlPxulQIUtZ":{"registrationId":1206019948,"currentRatchet":{"ephemeralKeyPair":{"pubKey":"BTr37wbkDYaAe3yFGNX+5ENDNafq8ZEf7m9G4RcJj3cZ","privKey":"IIUPcwmk7UFU15aqiWFEI4Lq+rlAGlEKBAMBejkc+H0="},"lastRemoteEphemeralKey":"BaL35FSeNBQEcgzI1xFjvfEQaROJ0//+hePGbW1QUgQE","previousCounter":0,"rootKey":"4jCCZFVHGKQJ9PSK0NCngYJovEoF+aAMCxIlghqUEu8="},"indexInfo":{"baseKey":"Bb230/a0Z/TRfEMS/88KPcxYRRQOVIyNRPlPxulQIUtZ","baseKeyType":2,"closed":-1,"used":1756557523966,"created":1756557523966,"remoteIdentityKey":"BagDbdDQyzOfUikQ6z8+h12t/y/oi+sIYSQnVBgwk6Yn"},"_chains":{"BaL35FSeNBQEcgzI1xFjvfEQaROJ0//+hePGbW1QUgQE":{"chainKey":{"counter":4,"key":"4PpTCMUamK3cEI8TqLHCq8lOcDUEqmuI68CxMJX4WsE="},"chainType":2,"messageKeys":{}},"BTr37wbkDYaAe3yFGNX+5ENDNafq8ZEf7m9G4RcJj3cZ":{"chainKey":{"counter":-1,"key":"pmTrRZuftcRXmN6R/AOZ7TsjfqSY1mc/ZCi0ymUbc2E="},"chainType":1,"messageKeys":{}}}}},"version":"v1"}