{"_sessions":{"BT5By7FF6+Vz1+5BN6aOFJcP01XrxNHO4f4r4z+0r9R5":{"registrationId":210736352,"currentRatchet":{"ephemeralKeyPair":{"pubKey":"BSOkQ6d7f6cRdGkBSPl26tH6lEsbYf+x2D2wEMMRp+4o","privKey":"2HRSQ6hwzjlDU0Eqxr8lVEag07+QOPleJmrkoMxTfl8="},"lastRemoteEphemeralKey":"Bazb3msGwgjLDSzmrf2YOuBeJ8Lj99Mhj6RsS5Ax7Qhm","previousCounter":0,"rootKey":"lARNR+Bsjo7A8yQTY59SqofvG3x/DbbYhwOmXdxh1eY="},"indexInfo":{"baseKey":"BT5By7FF6+Vz1+5BN6aOFJcP01XrxNHO4f4r4z+0r9R5","baseKeyType":2,"closed":-1,"used":1756593829609,"created":1756593829609,"remoteIdentityKey":"BQE0vXPUH3E56C0eIwYP3XTZwiFiQzLhNgRH2WXTdrZw"},"_chains":{"Bazb3msGwgjLDSzmrf2YOuBeJ8Lj99Mhj6RsS5Ax7Qhm":{"chainKey":{"counter":0,"key":"rlfBV3kQqGaOyftmu8ZS/Y+pomBgzaPy+IdFpt9czj0="},"chainType":2,"messageKeys":{}},"BSOkQ6d7f6cRdGkBSPl26tH6lEsbYf+x2D2wEMMRp+4o":{"chainKey":{"counter":-1,"key":"pLPVJ4omCg/Tzv/froYSSpDsALjS0IX0Xa/WfEWKBJk="},"chainType":1,"messageKeys":{}}}}},"version":"v1"}