{"_sessions":{"BamdKVaqAYnfYbKXeKfdmR6DH60YNpwhmV8hVyUhL/5I":{"registrationId":1361246795,"currentRatchet":{"ephemeralKeyPair":{"pubKey":"BTO4xvaBo87eqMgZWgI8RsRLBIiYWksHU8+19yCdqxoy","privKey":"MPz8S47Gboq9Z7nmrApu2yxZdeb0gOUulaHXDl7ml1M="},"lastRemoteEphemeralKey":"BUCnYbtVm/+WQ1/f667KDV0Y0ye8xssY8jt1tlLzLvlt","previousCounter":0,"rootKey":"TeDKrLg5eq1oNLy0RNe3tmDZMUCI9HbagUno50vwDHU="},"indexInfo":{"baseKey":"BamdKVaqAYnfYbKXeKfdmR6DH60YNpwhmV8hVyUhL/5I","baseKeyType":2,"closed":-1,"used":1756557511340,"created":1756557511340,"remoteIdentityKey":"BdmNJP01tIo7Vzi994gKz9n91UqWR0fgCOLE2p9Xv85P"},"_chains":{"BUCnYbtVm/+WQ1/f667KDV0Y0ye8xssY8jt1tlLzLvlt":{"chainKey":{"counter":4,"key":"CueVXoph79e4m1WUcQyLcdQvJ6DBHUl4cWw06llNJ2A="},"chainType":2,"messageKeys":{}},"BTO4xvaBo87eqMgZWgI8RsRLBIiYWksHU8+19yCdqxoy":{"chainKey":{"counter":-1,"key":"qoZrNQw1tbPdOkreqevfnrqQmBo6dNdyUx9J4q1Aepw="},"chainType":1,"messageKeys":{}}}}},"version":"v1"}