{"_sessions":{"BQ8vuCRQcPpscxIhC+8jmaGjnvOh4+AanKnwLS9xX+o7":{"registrationId":1303511347,"currentRatchet":{"ephemeralKeyPair":{"pubKey":"BX3nehnovMmZAijfN/9ThPmfHvdN65l6o8JSBcCd3C5h","privKey":"kP+wYotO7AQWdfKX6Xr4SoXgd+Q0+SUJzeHg3kC3lUQ="},"lastRemoteEphemeralKey":"BR7Mc6K4XA3+PHE1oNCabFGzIHiGt4gpSeUDFbhEiAJk","previousCounter":0,"rootKey":"hduX8iWuNyLMTnRuhg+UOKRzFMzwfuavVi/tHE/Hn+k="},"indexInfo":{"baseKey":"BQ8vuCRQcPpscxIhC+8jmaGjnvOh4+AanKnwLS9xX+o7","baseKeyType":2,"closed":-1,"used":1756557524505,"created":1756557524505,"remoteIdentityKey":"BfjSnjeJIDvwhpyFI7JpRSoDxBLrHwCwWI1BnSIwfyQr"},"_chains":{"BR7Mc6K4XA3+PHE1oNCabFGzIHiGt4gpSeUDFbhEiAJk":{"chainKey":{"counter":4,"key":"e8vkIUHm06gyNe6SEHmWAc5JCfKTvhO79ZsAR1NxGB4="},"chainType":2,"messageKeys":{}},"BX3nehnovMmZAijfN/9ThPmfHvdN65l6o8JSBcCd3C5h":{"chainKey":{"counter":-1,"key":"AqWAmZorAjCQUuVLchqBoZ9uqdo3LHzwkDOBkcPWVv4="},"chainType":1,"messageKeys":{}}}}},"version":"v1"}