{"_sessions":{"BfX8bHzMHMmKycZZnKLqbKAClSrgIgXuR7nON1E7G30F":{"registrationId":1036959386,"currentRatchet":{"ephemeralKeyPair":{"pubKey":"Bfak27AbbRhc+1yeLuWOJesCvPIPwM5ISiaRkgOsKmUR","privKey":"YFLDaZ/yJyHlKCOrw9ku9kONm1OsJaQQtE1vxeHG7HM="},"lastRemoteEphemeralKey":"Bbp6MVn+bDfykcDyzwHVMhLsdgPiXHDoL68roRiq7Dx9","previousCounter":0,"rootKey":"p87BM+upeV1zEet3NKv55PxkiT2CqKFwcmhcuSvjkaU="},"indexInfo":{"baseKey":"BfX8bHzMHMmKycZZnKLqbKAClSrgIgXuR7nON1E7G30F","baseKeyType":2,"closed":-1,"used":1756588641227,"created":1756588641227,"remoteIdentityKey":"BW6nV1GY55oFw/h/I0D4B/luFOIdnpbj7bIyUGDeFhlu"},"_chains":{"Bbp6MVn+bDfykcDyzwHVMhLsdgPiXHDoL68roRiq7Dx9":{"chainKey":{"counter":3,"key":"hSSI9UKAcbY83BGT+Z19g1eLdTUj0jige/L6+ChZ3qk="},"chainType":2,"messageKeys":{}},"Bfak27AbbRhc+1yeLuWOJesCvPIPwM5ISiaRkgOsKmUR":{"chainKey":{"counter":-1,"key":"Sr5LnvDWkEMIF/QG2Ni8ad7lzr4igT6pC8s1N7E/bxw="},"chainType":1,"messageKeys":{}}}}},"version":"v1"}