{"_sessions":{"BSndYnYz6cSmRtMUdpjtS0WT+lIZOHOA3lye4RewzN54":{"registrationId":599726242,"currentRatchet":{"ephemeralKeyPair":{"pubKey":"Bedosrr/9174bf+wSZLxtkJXxJMDHZQb4QnX4K6mBKwc","privKey":"WKzd9IwJieTburjuU0XZSrBdyw+K5lLwX7YPkBzIcFc="},"lastRemoteEphemeralKey":"BSGdgxVQOfRtDOBQZaV+iWZJYt9oQ+k5UZzdu4Zb8PFU","previousCounter":0,"rootKey":"a3Dns+7GMr8WlZsiKbT+dd4HYIPGxz7YBNGhTZKGQl4="},"indexInfo":{"baseKey":"BSndYnYz6cSmRtMUdpjtS0WT+lIZOHOA3lye4RewzN54","baseKeyType":2,"closed":-1,"used":1756588584736,"created":1756588584729,"remoteIdentityKey":"BfrR7lNO5dDmmXxoPAGzX45FHbIPwULXcP4emIjDVzJj"},"_chains":{"BSGdgxVQOfRtDOBQZaV+iWZJYt9oQ+k5UZzdu4Zb8PFU":{"chainKey":{"counter":0,"key":"99cKP2OK13KOXNBgZiv5ZwKm8mXLQxTvrHB1MZuphg8="},"chainType":2,"messageKeys":{}},"Bedosrr/9174bf+wSZLxtkJXxJMDHZQb4QnX4K6mBKwc":{"chainKey":{"counter":-1,"key":"ZywugZooyEifLFtxIMehCAMRJQ6ieUK++jQirWBMqN4="},"chainType":1,"messageKeys":{}}}}},"version":"v1"}