{"_sessions":{"Bepb2vG+1FWqQrKaGRaYYWQ1YXh6xjQLlvi7UFOwhOhS":{"registrationId":1713757976,"currentRatchet":{"ephemeralKeyPair":{"pubKey":"BeiI2nfgyijt4YD+4yih3q6OYXkFk4FAIzIFNnFUQJRu","privKey":"EOMJt/jC6hRfYpzQr5qc1u7+bF8DH1CfVigENmN563s="},"lastRemoteEphemeralKey":"BSHs5vnZpYT1nmT1/QvJmos38+x7HUiJkNTZbGgmovQC","previousCounter":0,"rootKey":"woI6kZ7srLW9iezWpK0PoYcxjjgBz/qEiUtJ1kUKM+Y="},"indexInfo":{"baseKey":"Bepb2vG+1FWqQrKaGRaYYWQ1YXh6xjQLlvi7UFOwhOhS","baseKeyType":1,"closed":1756496058886,"used":1756557535379,"created":1756496058371,"remoteIdentityKey":"BR+r131otoNSlfvaFy310iAFKyZQFl9rdP/chZ4yLhMa"},"_chains":{"BSHs5vnZpYT1nmT1/QvJmos38+x7HUiJkNTZbGgmovQC":{"chainKey":{"counter":31,"key":"lON5gGJxX4o4aD6BC1ovEWwhn2O/o0iPZ8u7xbaUYE0="},"chainType":2,"messageKeys":{"5":"uyraqorDSRQIfHqMZBXwTwMsBpsQa4yyc1Uc7SVJlXY="}},"BeiI2nfgyijt4YD+4yih3q6OYXkFk4FAIzIFNnFUQJRu":{"chainKey":{"counter":-1,"key":"ugHsaq3WlfGi1IYxWhmjaMOyy82FzwpTculGRoYzLC4="},"chainType":1,"messageKeys":{}}}},"BQlKBWgUMR+b1bO/vY40flwyevI53er1DcH8DrF+ff02":{"registrationId":1713757976,"currentRatchet":{"ephemeralKeyPair":{"pubKey":"BdHbXsBoawjoR+dorxwn9VZxew0GAuM/b3fj1bKlLK0o","privKey":"mNA2XgPw1Ydjt9jaDeLGpui6BoDxUHhPLKMdAIL1QFo="},"lastRemoteEphemeralKey":"BSHs5vnZpYT1nmT1/QvJmos38+x7HUiJkNTZbGgmovQC","previousCounter":-1,"rootKey":"oYvqpyh5kJ9HGH89/CMoDZGvoa0nATgu52P93sW/0D4="},"indexInfo":{"baseKey":"BQlKBWgUMR+b1bO/vY40flwyevI53er1DcH8DrF+ff02","baseKeyType":2,"closed":1756557537194,"used":1756496058892,"created":1756496058892,"remoteIdentityKey":"BR+r131otoNSlfvaFy310iAFKyZQFl9rdP/chZ4yLhMa"},"_chains":{"BWS1Mb/HBr+a4uq7jD5t70e9cQrX2L8BABfbMd55m78+":{"chainKey":{"counter":1},"chainType":2,"messageKeys":{}},"BSHs5vnZpYT1nmT1/QvJmos38+x7HUiJkNTZbGgmovQC":{"chainKey":{"counter":0,"key":"pm7pqG3u0GmSZ7oA1Nk85/U31vxXeJs4xB8WO1PTL3Y="},"chainType":2,"messageKeys":{}},"BdHbXsBoawjoR+dorxwn9VZxew0GAuM/b3fj1bKlLK0o":{"chainKey":{"counter":2,"key":"KuhRRxZgTxOrhTcNu2VWCpGMKM/QiqQW0lQXX7LZCtU="},"chainType":1,"messageKeys":{}}}},"BdE3QiwoJTrSA6mBKm6QEF+IG5MecLS9ZY4+msGXkVNi":{"registrationId":1713757976,"currentRatchet":{"ephemeralKeyPair":{"pubKey":"BSikQMrcekUbbPHwTUsKcgg85YDmzlgVFAL0PXxFx8Q+","privKey":"+KIaHh/EHKRj0gDVolMaO+00Nqwg+97IpydbrFj3vXk="},"lastRemoteEphemeralKey":"Bc9d7DT43FJawsyzfcPiKGRPp+5gBRKaVjXxUqvkCboN","previousCounter":0,"rootKey":"5QkLu9k+S/e7SdBpMRG01ZZdbNsPdhqJ498WR70RA4Q="},"indexInfo":{"baseKey":"BdE3QiwoJTrSA6mBKm6QEF+IG5MecLS9ZY4+msGXkVNi","baseKeyType":1,"closed":1756557553042,"used":1756557536335,"created":1756557536335,"remoteIdentityKey":"BR+r131otoNSlfvaFy310iAFKyZQFl9rdP/chZ4yLhMa"},"_chains":{"BSikQMrcekUbbPHwTUsKcgg85YDmzlgVFAL0PXxFx8Q+":{"chainKey":{"counter":-1,"key":"HeiScYtoCOcNqSWdDlyUwg1cd9IsND68EeQ8uERME50="},"chainType":1,"messageKeys":{}}},"pendingPreKey":{"signedKeyId":1,"baseKey":"BdE3QiwoJTrSA6mBKm6QEF+IG5MecLS9ZY4+msGXkVNi","preKeyId":3165960}},"BXMDNG8ijOJXOXUv47wHmYMGsKdHh0fXbn2X6Wja2zZe":{"registrationId":1713757976,"currentRatchet":{"ephemeralKeyPair":{"pubKey":"BUWUGbIs34k7vBPr9I57KF2LRzzPyra081xetRKvkNgz","privKey":"2LCGDGCkuqVGIEp6JSYFxW+B/bZ4RFCEB2K8p342JUo="},"lastRemoteEphemeralKey":"BeaEkN+26TaT8gTeGFOoaTx+pV9txF2l5xb1eO+0kqx1","previousCounter":0,"rootKey":"LglOgbmwBQetZmwNH5D6o8AGM1OXsObB6JFddxIJi+k="},"indexInfo":{"baseKey":"BXMDNG8ijOJXOXUv47wHmYMGsKdHh0fXbn2X6Wja2zZe","baseKeyType":1,"closed":1756557555675,"used":1756588641008,"created":1756557537593,"remoteIdentityKey":"BR+r131otoNSlfvaFy310iAFKyZQFl9rdP/chZ4yLhMa"},"_chains":{"BeaEkN+26TaT8gTeGFOoaTx+pV9txF2l5xb1eO+0kqx1":{"chainKey":{"counter":5,"key":"Q5LV0qAwF7yg+9/CbnBsHTORNKIU6NmNcWJQFnGNcPU="},"chainType":2,"messageKeys":{}},"BUWUGbIs34k7vBPr9I57KF2LRzzPyra081xetRKvkNgz":{"chainKey":{"counter":-1,"key":"EBbB2gFJw/KWmRi4aXGlwdtEUyCL61csb0rHazsuNYk="},"chainType":1,"messageKeys":{}}}},"Ba302GEdEDYpMkWmyeWShVTVZi68z87uNxzpsYxPPdQ8":{"registrationId":1713757976,"currentRatchet":{"ephemeralKeyPair":{"pubKey":"BZfT/nD5XF4C8aqbA0PR/dFr2IGhKJ77PPRRbD6EWSoK","privKey":"ICksoTfklLsJvc7NEW2zQVrNHo7eyXhD+44qb0OqCmc="},"lastRemoteEphemeralKey":"BeaEkN+26TaT8gTeGFOoaTx+pV9txF2l5xb1eO+0kqx1","previousCounter":-1,"rootKey":"hTj9Ri/xIB8RtkZusz80ddQ6tI0wAlkf38s4wNdSfqE="},"indexInfo":{"baseKey":"Ba302GEdEDYpMkWmyeWShVTVZi68z87uNxzpsYxPPdQ8","baseKeyType":1,"closed":1756557560432,"used":1756557554070,"created":1756557554070,"remoteIdentityKey":"BR+r131otoNSlfvaFy310iAFKyZQFl9rdP/chZ4yLhMa"},"_chains":{"BeaEkN+26TaT8gTeGFOoaTx+pV9txF2l5xb1eO+0kqx1":{"chainKey":{"counter":0,"key":"ZRXs0gNvk9n8NrqLbOtyfqoLIZVY3uQOs6nwc+USe8U="},"chainType":2,"messageKeys":{}},"BZfT/nD5XF4C8aqbA0PR/dFr2IGhKJ77PPRRbD6EWSoK":{"chainKey":{"counter":0,"key":"82byYeHDbJEMAluwxggYtfeZ40jyhASPhP0l67Hxwgc="},"chainType":1,"messageKeys":{}}},"pendingPreKey":{"signedKeyId":1,"baseKey":"Ba302GEdEDYpMkWmyeWShVTVZi68z87uNxzpsYxPPdQ8","preKeyId":3166647}},"BTUcV1rglVqaj++MIZ2a49Yzf0KJugxJuikTRhRg9pkX":{"registrationId":1713757976,"currentRatchet":{"ephemeralKeyPair":{"pubKey":"BbXxC38ZVgF7FSBXyabAGDnOran2XyWXLfcUEyqFVAVd","privKey":"0Du3YhYjSkwjxtV/D6tvFTGD+SWatf7mDdehCkHN2XM="},"lastRemoteEphemeralKey":"BeaEkN+26TaT8gTeGFOoaTx+pV9txF2l5xb1eO+0kqx1","previousCounter":-1,"rootKey":"igQa624ZJJH8oCq2bKcMf0llHMubfTPRiu3UKxFQRQ4="},"indexInfo":{"baseKey":"BTUcV1rglVqaj++MIZ2a49Yzf0KJugxJuikTRhRg9pkX","baseKeyType":1,"closed":1756565797134,"used":1756557560422,"created":1756557560422,"remoteIdentityKey":"BR+r131otoNSlfvaFy310iAFKyZQFl9rdP/chZ4yLhMa"},"_chains":{"BeaEkN+26TaT8gTeGFOoaTx+pV9txF2l5xb1eO+0kqx1":{"chainKey":{"counter":1,"key":"Uvngc1TyBy2yNRIdzN7GgdG/9PZ+/k4GDsKwCXLUrt0="},"chainType":2,"messageKeys":{"0":"EQvYextbSvb/Vn7NUal++XQuWQLTyjqSYAHYsTc6UrM="}},"BbXxC38ZVgF7FSBXyabAGDnOran2XyWXLfcUEyqFVAVd":{"chainKey":{"counter":0,"key":"erBSW4JERAjI0cTWpX76heF+hrIajSjezmUwr9yqBe0="},"chainType":1,"messageKeys":{}}},"pendingPreKey":{"signedKeyId":1,"baseKey":"BTUcV1rglVqaj++MIZ2a49Yzf0KJugxJuikTRhRg9pkX","preKeyId":3165918}},"BeQ6W3ph+HF8ZXtN6X1B0l16nW6oVG8xOmrCYQu4L040":{"registrationId":1713757976,"currentRatchet":{"ephemeralKeyPair":{"pubKey":"BfOcqROsFZdvXryPkmKYD05QU6/qvzu+hhHodP+dAyBJ","privKey":"eLSsHWTb7NsVxAnZ6dAAO5hf64bK7hf97luRDySdsXY="},"lastRemoteEphemeralKey":"BeaEkN+26TaT8gTeGFOoaTx+pV9txF2l5xb1eO+0kqx1","previousCounter":-1,"rootKey":"8HwtR4u1t5sN2N8r2kmsRu8myeOvwkqt15kBc9AKxIU="},"indexInfo":{"baseKey":"BeQ6W3ph+HF8ZXtN6X1B0l16nW6oVG8xOmrCYQu4L040","baseKeyType":1,"closed":1756588715040,"used":1756565797129,"created":1756565797129,"remoteIdentityKey":"BR+r131otoNSlfvaFy310iAFKyZQFl9rdP/chZ4yLhMa"},"_chains":{"BeaEkN+26TaT8gTeGFOoaTx+pV9txF2l5xb1eO+0kqx1":{"chainKey":{"counter":5,"key":"d3HTAw/ZBLCBb+D9GOjg7X0pQexw3IYDPfPoN3QVjlg="},"chainType":2,"messageKeys":{"0":"mvH9Hfq/NZK9uPzbcGSYHCnGtJQ01wML4DvhNhxGzDg=","1":"KrIg0emuwFckdGxW4+pvWjSxa+09lbjQUoqrxrVvRUk=","2":"iD766QHR95KbSNUG1VdEMsnYB3To0tVO9LA9Ndsxt1o=","3":"KsKxFKsqCWSU3KbTqkc/lwthSfVhQi3iJ8pD037Bh2Y=","4":"LOxhyts/d78evJuzlKVfIk4h9/Nf+W5RO6Kc4yNAL1g="}},"BfOcqROsFZdvXryPkmKYD05QU6/qvzu+hhHodP+dAyBJ":{"chainKey":{"counter":0,"key":"68F8cHZqylMbG7mpyJATkVNZkGL78YcHKi0MxnjhO2o="},"chainType":1,"messageKeys":{}}},"pendingPreKey":{"signedKeyId":1,"baseKey":"BeQ6W3ph+HF8ZXtN6X1B0l16nW6oVG8xOmrCYQu4L040","preKeyId":3166679}},"BVbAVnUaroWF9eZICqShS2cvWuChCJ23iD6pEHQXHVJp":{"registrationId":1713757976,"currentRatchet":{"ephemeralKeyPair":{"pubKey":"Bd0OhLaz5wGCq6ZoSwbSp1zWipq4vETzZB+J7ZpcrQFn","privKey":"IOXGFIN0JJVxOuzuyC6nP0j+heOeW7g19ZQtHUrk81E="},"lastRemoteEphemeralKey":"Bc9d7DT43FJawsyzfcPiKGRPp+5gBRKaVjXxUqvkCboN","previousCounter":0,"rootKey":"xAir6zF0avMN3Xraq5IkFBWEOZiAqZY47bGMxzwmbAM="},"indexInfo":{"baseKey":"BVbAVnUaroWF9eZICqShS2cvWuChCJ23iD6pEHQXHVJp","baseKeyType":1,"closed":1756589720308,"used":1756588715016,"created":1756588715016,"remoteIdentityKey":"BR+r131otoNSlfvaFy310iAFKyZQFl9rdP/chZ4yLhMa"},"_chains":{"Bd0OhLaz5wGCq6ZoSwbSp1zWipq4vETzZB+J7ZpcrQFn":{"chainKey":{"counter":-1,"key":"thr+glk/9UP+sNezuFVtLWALGkyHcGRoXa9ea8SLCcM="},"chainType":1,"messageKeys":{}}},"pendingPreKey":{"signedKeyId":1,"baseKey":"BVbAVnUaroWF9eZICqShS2cvWuChCJ23iD6pEHQXHVJp","preKeyId":3166684}},"BQHRnS0cLkiwqO/e8uj8jVMw3QgCLlCFnXLQdw5pqk0w":{"registrationId":1713757976,"currentRatchet":{"ephemeralKeyPair":{"pubKey":"BWNvD1HMvkbQlUAphtCB74dlHhHE2KEqosPDfZ/TlHIV","privKey":"6IIIK5y+EhDFzIfRP8nXaQbiw4QsaJfrXdHLuebIZ2g="},"lastRemoteEphemeralKey":"BZcFyoyPNVINd1CT/jIWafwXUifZGML4LAUfaEZHQsRn","previousCounter":0,"rootKey":"bwNTGib2sFlhAuhFmNkoLAj7Y0vpV0rHGTIGxr9l+Y4="},"indexInfo":{"baseKey":"BQHRnS0cLkiwqO/e8uj8jVMw3QgCLlCFnXLQdw5pqk0w","baseKeyType":1,"closed":-1,"used":1756636701872,"created":1756589720269,"remoteIdentityKey":"BR+r131otoNSlfvaFy310iAFKyZQFl9rdP/chZ4yLhMa"},"_chains":{"BbUbivRxAF9TmQ+2VVnUc6UemMyqTjGlzE+i8J+gPacE":{"chainKey":{"counter":4},"chainType":2,"messageKeys":{"0":"6DhHEXgN7PVOnbdvqyoAULWP4e5rx6bnXkMvEnqe29M=","1":"FDbf0qTr4HUWo01QE03fmIjiqOwcP0eEeB48lNYTN1k=","2":"C/Nd+0YmlbfCHPyBq1ASnZL32ItcLE00DVwETQPRMB0=","4":"qEYFOM/T4vXYcrqEhq5pTLLJGhk3IqaxvNlRraohvt4="}},"BVznQtQjwbBe0F+dinCDYY9I4v7Ooq+3Oh0A8aOsezgF":{"chainKey":{"counter":1},"chainType":2,"messageKeys":{"1":"pTuOoI0QZFkhr82k1ahumX3QPalzrHH8Z91gc2NAgwk="}},"BYGYU6KrzkKcERltm01bhG8J2h7iUsqDQe4+Y5oWbMR4":{"chainKey":{"counter":1},"chainType":2,"messageKeys":{}},"BbOwPZesITS75xuPZTSXXZnMyViL5SmIZmTgvyv7g5tO":{"chainKey":{"counter":1},"chainType":2,"messageKeys":{}},"BfZUYA3ctLWXWKGcdn42YUOTYIL8xbCSrw9Uagvq5A9v":{"chainKey":{"counter":1},"chainType":2,"messageKeys":{}},"BZcFyoyPNVINd1CT/jIWafwXUifZGML4LAUfaEZHQsRn":{"chainKey":{"counter":1,"key":"XWZGbEO9U8N/LfC6i0HAXTEkedRlNukcxHWRG7usZ2g="},"chainType":2,"messageKeys":{}},"BWNvD1HMvkbQlUAphtCB74dlHhHE2KEqosPDfZ/TlHIV":{"chainKey":{"counter":-1,"key":"m9hXyEaDoAVIZPcnB4prjrQG6+GvYueNyLOOE7kYMN0="},"chainType":1,"messageKeys":{}}}}},"version":"v1"}