{"_sessions":{"BZB0Wa3nSX6dcSosZHASCu3rldDEd8RVtRucxB66p4VF":{"registrationId":1071614849,"currentRatchet":{"ephemeralKeyPair":{"pubKey":"BchxRMAw1k8UEfbPK8Lts/yd9zRlVvgu/2JiICs/f0YD","privKey":"SD0E52ZsnNOocY0uTKEP6OxNXCBXpgMjnEAQyDIq0Gw="},"lastRemoteEphemeralKey":"BQssfVCAHhQgoECAHHkPFIvQJqnqKei8KsxfWlcg6UM/","previousCounter":0,"rootKey":"l/tKz3PbFLJj5XSigm0rqB8kuwPGjT3/BFkscRhRsoA="},"indexInfo":{"baseKey":"BZB0Wa3nSX6dcSosZHASCu3rldDEd8RVtRucxB66p4VF","baseKeyType":2,"closed":-1,"used":1756496430385,"created":1756496430385,"remoteIdentityKey":"BV2fsr/R/0sZVbZ4TIz3cgp49LUWFWMUrvSepkZADuYL"},"_chains":{"BQssfVCAHhQgoECAHHkPFIvQJqnqKei8KsxfWlcg6UM/":{"chainKey":{"counter":6,"key":"G0KiD4Kp8APShIYCothyu19QfzFlaHLkwhriukRi4Zo="},"chainType":2,"messageKeys":{}},"BchxRMAw1k8UEfbPK8Lts/yd9zRlVvgu/2JiICs/f0YD":{"chainKey":{"counter":-1,"key":"/3dYCN61xSCtkoA5eSDmTNErauwhbRUiuznl378WGfI="},"chainType":1,"messageKeys":{}}}}},"version":"v1"}