{"_sessions":{"BQWHZkzQftp58xnX+Ts20iM62R1m/HxX3+SZ/5Qx76Nu":{"registrationId":1107649907,"currentRatchet":{"ephemeralKeyPair":{"pubKey":"BfW86FEZ53Uyde8CowcHF0KMvVufnHkwx+iM6fGA5jJc","privKey":"wC3cjXrRgI2XnrT6Oxol+WUw8R/dLS9kVHNMYCSU52Y="},"lastRemoteEphemeralKey":"BbdJmRVmw/Qwe+G6KkoaiRHKp+aZrMkEfveawOkzTapP","previousCounter":0,"rootKey":"Uttt7AcbS40OckI7qPN/P0PEnim8H1dkB8c6rvzC8LU="},"indexInfo":{"baseKey":"BQWHZkzQftp58xnX+Ts20iM62R1m/HxX3+SZ/5Qx76Nu","baseKeyType":2,"closed":-1,"used":1756557512084,"created":1756557512084,"remoteIdentityKey":"BdnpVZrgc+0fVLNDFAqdTkWZhimXCJRZYc5vqR24DyM7"},"_chains":{"BbdJmRVmw/Qwe+G6KkoaiRHKp+aZrMkEfveawOkzTapP":{"chainKey":{"counter":10,"key":"q5dloT1+eRCnZcMjPR545imrzZj0jn9ssTmM2E8dHwY="},"chainType":2,"messageKeys":{}},"BfW86FEZ53Uyde8CowcHF0KMvVufnHkwx+iM6fGA5jJc":{"chainKey":{"counter":-1,"key":"C5fGvglfkNvNNgjFmOiprfGb3FqPkQNIOKzoF1CBN38="},"chainType":1,"messageKeys":{}}}}},"version":"v1"}