{"_sessions":{"BU68kPZXzsPIOnCSu/2Piy5mzzJO9FPTCK+3dUm4AwgT":{"registrationId":453616952,"currentRatchet":{"ephemeralKeyPair":{"pubKey":"BUwkGklrhLOWUstyjL9tZ0vu5qBLApjB3LqPvdaonDYZ","privKey":"QPVaRsMNG1woOVs3Z5RTNQmT1B9nhsU05v/xnVT2LHg="},"lastRemoteEphemeralKey":"BX5KOTaS26fanXuINg37BvqMr5OSEdc5Pd8sCEXgm0k+","previousCounter":0,"rootKey":"oYT4c631g6nF66AovEMh8R8wt0E1XbDOKEJgYwXDxW0="},"indexInfo":{"baseKey":"BU68kPZXzsPIOnCSu/2Piy5mzzJO9FPTCK+3dUm4AwgT","baseKeyType":2,"closed":-1,"used":1756595114557,"created":1756595114557,"remoteIdentityKey":"Bc0cE1UEF/ZV/n2VTZDGzfbhnVpGB5CZoYbBJ64rcsME"},"_chains":{"BX5KOTaS26fanXuINg37BvqMr5OSEdc5Pd8sCEXgm0k+":{"chainKey":{"counter":1,"key":"Oz/GPjXMnYfpkcqlOnZYg72anFv2YwtiiYbiKHamlm0="},"chainType":2,"messageKeys":{}},"BUwkGklrhLOWUstyjL9tZ0vu5qBLApjB3LqPvdaonDYZ":{"chainKey":{"counter":-1,"key":"sadPvutpDSfpvqRYy74RSZINhL/h5GuUuoNzPlxLYJI="},"chainType":1,"messageKeys":{}}}}},"version":"v1"}