{"_sessions":{"BXQQbgBPer179XaUV7Pyd9AZd91rG4D7yQU/YfJIIc4v":{"registrationId":1279471451,"currentRatchet":{"ephemeralKeyPair":{"pubKey":"BebNyzOpCRPIU47NZaxR4BX7I5jDnCARp+2ux2Fxc4s1","privKey":"4LGbVRhNzFWweWsUCz/wF78PvPl01eZu+o0leLIthWI="},"lastRemoteEphemeralKey":"BdxWZAMPUdqJY+OtU8MXdH/alAlde4Ys7lfYriU1obsu","previousCounter":0,"rootKey":"bsVQHvY8PKdlW9KpnUhKUmMnBl2sMe7egoA0NsNeQpA="},"indexInfo":{"baseKey":"BXQQbgBPer179XaUV7Pyd9AZd91rG4D7yQU/YfJIIc4v","baseKeyType":2,"closed":-1,"used":1756588702457,"created":1756588702457,"remoteIdentityKey":"BWwT7cWai9f96A/p5AyURjPtIiStps6u9PVrsuO7Z8lS"},"_chains":{"BdxWZAMPUdqJY+OtU8MXdH/alAlde4Ys7lfYriU1obsu":{"chainKey":{"counter":0,"key":"zW1xnzEPXHA8yJuagpdHNN07vvUzcmoIfgP2VEPrW/I="},"chainType":2,"messageKeys":{}},"BebNyzOpCRPIU47NZaxR4BX7I5jDnCARp+2ux2Fxc4s1":{"chainKey":{"counter":-1,"key":"SrnfvxxSDZvrD0a0dDMNrqt3A0JXBE2RXA8BPOjBTkk="},"chainType":1,"messageKeys":{}}}}},"version":"v1"}