{"_sessions":{"BbxCqiLJqjsaVgMmxKK9LEZAHlqUbLbjKlcm/rUPSC0J":{"registrationId":854741681,"currentRatchet":{"ephemeralKeyPair":{"pubKey":"BUVJDAFIlGKTREEarQFFYIN1WB2qPhcXIQBwwwC9OO8j","privKey":"QBu4aTRgYKb2gAt8Yt+JO2axVslIK+utm1F95riP+kk="},"lastRemoteEphemeralKey":"BcKGxZ64/6PICgcgroEY7Yd+GYxfBFIApmom4Gdr9BlH","previousCounter":0,"rootKey":"RnTdDFOc/tJM2k4wlFu4QmmJ9+v/h8yoTs3RRToyNk8="},"indexInfo":{"baseKey":"BbxCqiLJqjsaVgMmxKK9LEZAHlqUbLbjKlcm/rUPSC0J","baseKeyType":2,"closed":-1,"used":1756593731296,"created":1756565793480,"remoteIdentityKey":"BRiWhk1adk3QfHDLJFBf2sN+q/ZpFnSYzyufDoBhHP8r"},"_chains":{"BcuoSScmqgnBC0o9F15r68OvdASEdAlc+A73CS4UeCAZ":{"chainKey":{"counter":0},"chainType":2,"messageKeys":{}},"BWpT8eNaxi8AURIKKcHRzvSoOhuZw75aSMaW/wG2MzAQ":{"chainKey":{"counter":8},"chainType":2,"messageKeys":{}},"BVOo4ZfW1ozcbgXtSxJwddtlTd3oCHfe66LPfVdIGVtI":{"chainKey":{"counter":0},"chainType":2,"messageKeys":{}},"Bfpq2sIuLnx4+PYyRsz9fZj82ClOe6o1IXCo2GZ0dqIs":{"chainKey":{"counter":0},"chainType":2,"messageKeys":{}},"BUTCpfMygyqBD1lGIPZhrvPdfPyTGJxZHpeEcrP7sVk/":{"chainKey":{"counter":0},"chainType":2,"messageKeys":{}},"BcKGxZ64/6PICgcgroEY7Yd+GYxfBFIApmom4Gdr9BlH":{"chainKey":{"counter":1,"key":"/8z3zlWRTrXZAhGlg43K0xjhF73I2s7spiu/dI0M+0I="},"chainType":2,"messageKeys":{}},"BUVJDAFIlGKTREEarQFFYIN1WB2qPhcXIQBwwwC9OO8j":{"chainKey":{"counter":0,"key":"GTUkujft+SVWCZ87e6hVCzXhQqQUoHeQwi89d1h2YIc="},"chainType":1,"messageKeys":{}}}}},"version":"v1"}