{"_sessions":{"BYsPROvQg+tPN4gqmtm+CcifNmC4EMXQekqYGsiUDWgD":{"registrationId":1538667141,"currentRatchet":{"ephemeralKeyPair":{"pubKey":"BQWir6XfhEMVbAZ3u4m0m3mrbVcV44bQvZOtRgd5AR9o","privKey":"CBowckMCyfjWGB13Luv9/iZsdj5S+Jf+PcGodPh7C38="},"lastRemoteEphemeralKey":"BbDQdy1MsUQlemQiikrjrD5l45tnBg5euZRcf97B5Xwv","previousCounter":0,"rootKey":"roKcmZKxB4tFbMtWKvoNYr0HNZdpMAXJAd6U7S7XyVU="},"indexInfo":{"baseKey":"BYsPROvQg+tPN4gqmtm+CcifNmC4EMXQekqYGsiUDWgD","baseKeyType":2,"closed":-1,"used":1756557523232,"created":1756557523232,"remoteIdentityKey":"BVSim/NV/kY/q8Ign3ROuqsuZ04oGMpFOWK37/ZzmcVU"},"_chains":{"BbDQdy1MsUQlemQiikrjrD5l45tnBg5euZRcf97B5Xwv":{"chainKey":{"counter":1,"key":"EE+OofHmXjzFJzasmbxWg1XaTOrKnbkUr8gtrgx+Bgo="},"chainType":2,"messageKeys":{}},"BQWir6XfhEMVbAZ3u4m0m3mrbVcV44bQvZOtRgd5AR9o":{"chainKey":{"counter":-1,"key":"EGy6mR98wi4tHSrSx2Xrr64QusVCBSS4abb9fIzDhSc="},"chainType":1,"messageKeys":{}}}}},"version":"v1"}