{"_sessions":{"BayCNFY/VMXUBxdtv8lo3arJb95KqY6xDn6WfXFEVNxT":{"registrationId":1016455679,"currentRatchet":{"ephemeralKeyPair":{"pubKey":"BXt8M6oBTj9gvle9KiD+2Vl/NngW5HplRQjLXZMG1bcD","privKey":"+OQ09pMnjOcRpXfe7qUyFQ4WRKVTaSc1FWArz93CGkk="},"lastRemoteEphemeralKey":"BSfHr2kbw6PEil2WlGSw6a0pCRL8GPVsEk+OcEmpekZz","previousCounter":0,"rootKey":"kjlX8o5SlVIPow+c8vkme6QA0gK3ksLuRgYEv9wl38k="},"indexInfo":{"baseKey":"BayCNFY/VMXUBxdtv8lo3arJb95KqY6xDn6WfXFEVNxT","baseKeyType":2,"closed":-1,"used":1756557531775,"created":1756557531775,"remoteIdentityKey":"BQ2W208ay6JVKmMMPpqsu+PuAo0zu0QOhGi2Z0s7uhdw"},"_chains":{"BSfHr2kbw6PEil2WlGSw6a0pCRL8GPVsEk+OcEmpekZz":{"chainKey":{"counter":0,"key":"jWEtNQfGBgvdtxLXBtc5kABOgxQhL+ITBvbGju0rE4o="},"chainType":2,"messageKeys":{}},"BXt8M6oBTj9gvle9KiD+2Vl/NngW5HplRQjLXZMG1bcD":{"chainKey":{"counter":-1,"key":"+bsIVKUF+DLFn9qmJkkCUk7vQD8d4H0h/HdS6kU8qTk="},"chainType":1,"messageKeys":{}}}}},"version":"v1"}