{"_sessions":{"BVswsUy+IwX7zpWjzUiMSXivq3tEEeD0Si/ua3cwguNQ":{"registrationId":343398820,"currentRatchet":{"ephemeralKeyPair":{"pubKey":"BQ5J3UOM9P8Lx/jD8yEvGdn5hU2pSFDf33qd/C1ExY0Z","privKey":"aDXhToHi7PtlBxGRmIPcQmyaWNgFABQc2bWDVgznGVs="},"lastRemoteEphemeralKey":"Bdd1Pn0xkiMfPcZkCi7csrOJwEtuIAlb/ZXjCs+h5sRp","previousCounter":0,"rootKey":"Gzy+YsejXLCQ5y3XBSsGpWizj/pgT10xgBYq4cpa7Zk="},"indexInfo":{"baseKey":"BVswsUy+IwX7zpWjzUiMSXivq3tEEeD0Si/ua3cwguNQ","baseKeyType":2,"closed":-1,"used":1756557513169,"created":1756557513169,"remoteIdentityKey":"BUIq+GBLaP/FEEblgYHbQELe47jxvhe/m4pIyovPTUdp"},"_chains":{"Bdd1Pn0xkiMfPcZkCi7csrOJwEtuIAlb/ZXjCs+h5sRp":{"chainKey":{"counter":16,"key":"S9lKXrc0tlXunAvpibU5e5bkk0MFLAuZM+eC4WxY5z8="},"chainType":2,"messageKeys":{}},"BQ5J3UOM9P8Lx/jD8yEvGdn5hU2pSFDf33qd/C1ExY0Z":{"chainKey":{"counter":-1,"key":"P+RryuCu45mEVlTWTq6xPoVPeKq/x2mcXPke4muYRc0="},"chainType":1,"messageKeys":{}}}}},"version":"v1"}