{"_sessions":{"Bfmai3yQr8j+bbGioQrwqofWQoNCWlYrxK91/UM5Po9f":{"registrationId":888702268,"currentRatchet":{"ephemeralKeyPair":{"pubKey":"BWkl84LGNhxi1o4wjV3Aemc1Y6PTS4n8ZpcmsWLfnJEO","privKey":"qFiKgkk2crEWNn1gjZGeI23D9jD5Lp9d5l6Jbi2Urmg="},"lastRemoteEphemeralKey":"Ba/Rs/HL+ngEeU/xqxFwFrrx5CpivnwboltPjeoCFIx3","previousCounter":0,"rootKey":"UKkWrZ5jXdkaQNUBpt9/lstZLNZyDYc4uJWV1fvA1Y0="},"indexInfo":{"baseKey":"Bfmai3yQr8j+bbGioQrwqofWQoNCWlYrxK91/UM5Po9f","baseKeyType":2,"closed":-1,"used":1756599902099,"created":1756599902099,"remoteIdentityKey":"BSNW9g2GSCjl/jsS5YwyHUTonfSRNRrHYwEzfVhaQjEE"},"_chains":{"Ba/Rs/HL+ngEeU/xqxFwFrrx5CpivnwboltPjeoCFIx3":{"chainKey":{"counter":0,"key":"Y4kzRfRe+yptHoKFhoekA0G0y3giyKWTVSy9XqYKSpE="},"chainType":2,"messageKeys":{}},"BWkl84LGNhxi1o4wjV3Aemc1Y6PTS4n8ZpcmsWLfnJEO":{"chainKey":{"counter":-1,"key":"E5hn9ckrO2wC5wu+Zn2Rz9NGWijB+B9k4DZGl+WGcsY="},"chainType":1,"messageKeys":{}}}}},"version":"v1"}