{"_sessions":{"BVQybnZF3UQHFsxSAN6nMXRPL/lWeShc2apGjvWgobRp":{"registrationId":1713757976,"currentRatchet":{"ephemeralKeyPair":{"pubKey":"BR+AQAB8ENyrZ5kQ7NTwBpNgCmzwii+BhNhrFc5Ob6do","privKey":"wLLnhvIVmPvIwWz9VO5nBMq2FCJB2meJgvrxVCc5ims="},"lastRemoteEphemeralKey":"BUdIBGqbdBJwHB+u89DP2RepGMwL+h6cu7VEEUHmjiIX","previousCounter":0,"rootKey":"A2xJyP2cNs6DFNW2cPMsyIYcPkfxxVifxoAIG9ZpzNE="},"indexInfo":{"baseKey":"BVQybnZF3UQHFsxSAN6nMXRPL/lWeShc2apGjvWgobRp","baseKeyType":2,"closed":1756593819094,"used":1756593814495,"created":1756593814495,"remoteIdentityKey":"BR+r131otoNSlfvaFy310iAFKyZQFl9rdP/chZ4yLhMa"},"_chains":{"BUdIBGqbdBJwHB+u89DP2RepGMwL+h6cu7VEEUHmjiIX":{"chainKey":{"counter":0,"key":"l2gcbVfzT4mz7lbtmUeigAdAdURXMAVIFCaLaRrOO9M="},"chainType":2,"messageKeys":{}},"BR+AQAB8ENyrZ5kQ7NTwBpNgCmzwii+BhNhrFc5Ob6do":{"chainKey":{"counter":-1,"key":"FO7K4FXDQQzA3gNlK3hOIrMQTp8NOCUMX3WTzj0TOWg="},"chainType":1,"messageKeys":{}}}},"BSOweYLVCAHvFxu/SLSSFAP0kj6ptvIOm5Rl2A+k6C1V":{"registrationId":1713757976,"currentRatchet":{"ephemeralKeyPair":{"pubKey":"BfuMjjeftkbSN06Qp9VfbaFoCrnIarpHVKqb4CT7rAse","privKey":"UOyqVpK4sC/RS3dFkbRe7OKqOZe4VHjimduNdJ3iX0Y="},"lastRemoteEphemeralKey":"Ba3Wnu9euklL1Idfp+DA44X3Ak6WzPO+n62dCJpS2Q56","previousCounter":0,"rootKey":"grCaNJY7O38MjazXCMdV90h2CYjJJv5UAdgnbCO3X7U="},"indexInfo":{"baseKey":"BSOweYLVCAHvFxu/SLSSFAP0kj6ptvIOm5Rl2A+k6C1V","baseKeyType":2,"closed":-1,"used":1756593819099,"created":1756593819099,"remoteIdentityKey":"BR+r131otoNSlfvaFy310iAFKyZQFl9rdP/chZ4yLhMa"},"_chains":{"Ba3Wnu9euklL1Idfp+DA44X3Ak6WzPO+n62dCJpS2Q56":{"chainKey":{"counter":1,"key":"sxaQvJv+3MUGDanV3J/Ii12wDEIMfQj1vWmHoSltb2E="},"chainType":2,"messageKeys":{}},"BfuMjjeftkbSN06Qp9VfbaFoCrnIarpHVKqb4CT7rAse":{"chainKey":{"counter":-1,"key":"JxFYvt5VT6g9ogS3yPo0QJl6YaYHsvXetKzPVLcB6Fo="},"chainType":1,"messageKeys":{}}}}},"version":"v1"}