{"_sessions":{"BU5K77KDaAuGEiQ/9Bx4hyRU2vM8CT/GBCu0NQGFmO0/":{"registrationId":275417138,"currentRatchet":{"ephemeralKeyPair":{"pubKey":"BQsBxSdpOZk8rrLXv/nvEWhvLXd1NnpskPT+n+541jYF","privKey":"2BaDlZEs9NmNBWy+RC91e4WC7UWNcdT3Z86UR9+mZ0Y="},"lastRemoteEphemeralKey":"BeUij9focs+9rkVIyQbD/6HgfpWwwU1nBtQvEdnI3R8N","previousCounter":0,"rootKey":"4oglu5sI/mcTduhGpqnFa9BlwS52EUaI4iCxsVxRZ/g="},"indexInfo":{"baseKey":"BU5K77KDaAuGEiQ/9Bx4hyRU2vM8CT/GBCu0NQGFmO0/","baseKeyType":2,"closed":-1,"used":1756557518828,"created":1756557518828,"remoteIdentityKey":"BfoSk2/lSA/w1BZ0wDigChQGnwf+TJ5Ft97AkU50WB1B"},"_chains":{"BeUij9focs+9rkVIyQbD/6HgfpWwwU1nBtQvEdnI3R8N":{"chainKey":{"counter":24,"key":"myhERk/vmTbeiY5Y+mB10OlDW2593uH3ZiOe6H0DiK0="},"chainType":2,"messageKeys":{"0":"jRGB9oW2clkSQ8G2pyW9+p4rAAv5tvT8avQCeqbL2+8=","1":"9U8/cn0TSSaeB+jR/xOL8hfNC1inPDbvWbo32F7rTBw=","6":"Fgi57rwiVNJfTHgOsYmuEOITzNPmnEGUCKVzXQugcQE=","15":"IK8HYZKv/GW2oELviX8ji1sss3vC0P2u18YzIxUUAus=","19":"wTOjVyjfiix3k2cbvKmeFe76nGJfY8eyCLqSNY/SyXY=","20":"NrA2169Y/M1dTwGb6QXZAzJGmvsO3YxGmBbfaFMpJzY="}},"BQsBxSdpOZk8rrLXv/nvEWhvLXd1NnpskPT+n+541jYF":{"chainKey":{"counter":-1,"key":"CDIsDK+Ozu4SeBh79nzuC5yZc0U9bF4IOifjVfqFSIs="},"chainType":1,"messageKeys":{}}}}},"version":"v1"}